TRACE::2026-02-14.20:13:51::SCWPlatform::Trying to open the hw design at C:/Zynq_Book/vitis_workspace/zedboard_platform/hw/milestone_1_wrapper.xsa
TRACE::2026-02-14.20:13:51::SCWPlatform::DSA given C:/Zynq_Book/vitis_workspace/zedboard_platform/hw/milestone_1_wrapper.xsa
TRACE::2026-02-14.20:13:51::SCWPlatform::DSA absoulate path C:/Zynq_Book/vitis_workspace/zedboard_platform/hw/milestone_1_wrapper.xsa
TRACE::2026-02-14.20:13:54::SCWPlatform::DSA directory C:/Zynq_Book/vitis_workspace/zedboard_platform/hw
TRACE::2026-02-14.20:13:54::SCWPlatform:: Platform Path C:/Zynq_Book/vitis_workspace/zedboard_platform/hw/milestone_1_wrapper.xsa
TRACE::2026-02-14.20:13:54::SCWPlatform:: Unique name xilinx:zed::0.0
TRACE::2026-02-14.20:13:54::SCWPlatform::Do not have an existing db opened. 
TRACE::2026-02-14.20:13:55::SCWPlatform::Opened new HwDB with name design_1_wrapper_0
TRACE::2026-02-14.20:13:55::SCWWriter::formatted JSON is {
	"platformName":	"zedboard_platform",
	"sprVersion":	"2.0",
	"mode":	"gui",
	"dsaType":	"Fixed",
	"platformDesc":	"zedboard_platform",
	"platHandOff":	"C:/Zynq_Book/vga_tutorial/vga_tutorial/milestone_1_wrapper.xsa",
	"platIntHandOff":	"<platformDir>/hw/milestone_1_wrapper.xsa",
	"deviceType":	"zynq",
	"platIsPrebuiltAutogen":	"false",
	"platIsNoBootBsp":	"true",
	"hasFsblMakeHasChanges":	"false",
	"hasPmufwMakeHasChanges":	"false",
	"platPreBuiltFlag":	false,
	"platformSamplesDir":	""
}
TRACE::2026-02-14.20:13:55::SCWWriter::formatted JSON is {
	"platformName":	"zedboard_platform",
	"sprVersion":	"2.0",
	"mode":	"gui",
	"dsaType":	"Fixed",
	"platformDesc":	"zedboard_platform",
	"platHandOff":	"C:/Zynq_Book/vga_tutorial/vga_tutorial/milestone_1_wrapper.xsa",
	"platIntHandOff":	"<platformDir>/hw/milestone_1_wrapper.xsa",
	"deviceType":	"zynq",
	"platIsPrebuiltAutogen":	"false",
	"platIsNoBootBsp":	"true",
	"hasFsblMakeHasChanges":	"false",
	"hasPmufwMakeHasChanges":	"false",
	"platPreBuiltFlag":	false,
	"platformSamplesDir":	"",
	"platActiveSys":	"zedboard_platform",
	"systems":	[{
			"systemName":	"zedboard_platform",
			"systemDesc":	"zedboard_platform",
			"sysIsBootAutoGen":	"true",
			"systemDispName":	"zedboard_platform"
		}]
}
TRACE::2026-02-14.20:13:55::SCWPlatform::Trying to open the hw design at C:/Zynq_Book/vitis_workspace/zedboard_platform/hw/milestone_1_wrapper.xsa
TRACE::2026-02-14.20:13:55::SCWPlatform::DSA given C:/Zynq_Book/vitis_workspace/zedboard_platform/hw/milestone_1_wrapper.xsa
TRACE::2026-02-14.20:13:55::SCWPlatform::DSA absoulate path C:/Zynq_Book/vitis_workspace/zedboard_platform/hw/milestone_1_wrapper.xsa
TRACE::2026-02-14.20:13:55::SCWPlatform::DSA directory C:/Zynq_Book/vitis_workspace/zedboard_platform/hw
TRACE::2026-02-14.20:13:55::SCWPlatform:: Platform Path C:/Zynq_Book/vitis_workspace/zedboard_platform/hw/milestone_1_wrapper.xsa
TRACE::2026-02-14.20:13:55::SCWPlatform:: Unique name xilinx:zed::0.0
TRACE::2026-02-14.20:13:55::SCWPlatform::Trying to set the existing hwdb with name design_1_wrapper_0
TRACE::2026-02-14.20:13:55::SCWPlatform::Opened existing hwdb design_1_wrapper_0
TRACE::2026-02-14.20:13:55::SCWPlatform::Found the Hw Db part of the input DSA
TRACE::2026-02-14.20:13:55::SCWDomain::checking for install qemu data   : 
TRACE::2026-02-14.20:13:55::SCWDomain:: Using the QEMU Data from install at  : C:/Xilinx/Vitis/2020.2/data/emulation/platforms/zynq/sw/a9_standalone/qemu/
TRACE::2026-02-14.20:13:55::SCWDomain:: Using the QEMU args  from install at  : C:/Xilinx/Vitis/2020.2/data/emulation/platforms/zynq/sw/a9_standalone/qemu/qemu_args.txt
TRACE::2026-02-14.20:13:55::SCWPlatform::Trying to open the hw design at C:/Zynq_Book/vitis_workspace/zedboard_platform/hw/milestone_1_wrapper.xsa
TRACE::2026-02-14.20:13:55::SCWPlatform::DSA given C:/Zynq_Book/vitis_workspace/zedboard_platform/hw/milestone_1_wrapper.xsa
TRACE::2026-02-14.20:13:55::SCWPlatform::DSA absoulate path C:/Zynq_Book/vitis_workspace/zedboard_platform/hw/milestone_1_wrapper.xsa
TRACE::2026-02-14.20:13:55::SCWPlatform::DSA directory C:/Zynq_Book/vitis_workspace/zedboard_platform/hw
TRACE::2026-02-14.20:13:55::SCWPlatform:: Platform Path C:/Zynq_Book/vitis_workspace/zedboard_platform/hw/milestone_1_wrapper.xsa
TRACE::2026-02-14.20:13:55::SCWPlatform:: Unique name xilinx:zed::0.0
TRACE::2026-02-14.20:13:55::SCWPlatform::Trying to set the existing hwdb with name design_1_wrapper_0
TRACE::2026-02-14.20:13:55::SCWPlatform::Opened existing hwdb design_1_wrapper_0
TRACE::2026-02-14.20:13:55::SCWPlatform::Found the Hw Db part of the input DSA
TRACE::2026-02-14.20:13:55::SCWPlatform::Trying to open the hw design at C:/Zynq_Book/vitis_workspace/zedboard_platform/hw/milestone_1_wrapper.xsa
TRACE::2026-02-14.20:13:55::SCWPlatform::DSA given C:/Zynq_Book/vitis_workspace/zedboard_platform/hw/milestone_1_wrapper.xsa
TRACE::2026-02-14.20:13:55::SCWPlatform::DSA absoulate path C:/Zynq_Book/vitis_workspace/zedboard_platform/hw/milestone_1_wrapper.xsa
TRACE::2026-02-14.20:13:55::SCWPlatform::DSA directory C:/Zynq_Book/vitis_workspace/zedboard_platform/hw
TRACE::2026-02-14.20:13:55::SCWPlatform:: Platform Path C:/Zynq_Book/vitis_workspace/zedboard_platform/hw/milestone_1_wrapper.xsa
TRACE::2026-02-14.20:13:55::SCWPlatform:: Unique name xilinx:zed::0.0
TRACE::2026-02-14.20:13:55::SCWPlatform::Trying to set the existing hwdb with name design_1_wrapper_0
TRACE::2026-02-14.20:13:55::SCWPlatform::Opened existing hwdb design_1_wrapper_0
TRACE::2026-02-14.20:13:55::SCWPlatform::Found the Hw Db part of the input DSA
TRACE::2026-02-14.20:13:55::SCWPlatform::Trying to open the hw design at C:/Zynq_Book/vitis_workspace/zedboard_platform/hw/milestone_1_wrapper.xsa
TRACE::2026-02-14.20:13:55::SCWPlatform::DSA given C:/Zynq_Book/vitis_workspace/zedboard_platform/hw/milestone_1_wrapper.xsa
TRACE::2026-02-14.20:13:55::SCWPlatform::DSA absoulate path C:/Zynq_Book/vitis_workspace/zedboard_platform/hw/milestone_1_wrapper.xsa
TRACE::2026-02-14.20:13:55::SCWPlatform::DSA directory C:/Zynq_Book/vitis_workspace/zedboard_platform/hw
TRACE::2026-02-14.20:13:55::SCWPlatform:: Platform Path C:/Zynq_Book/vitis_workspace/zedboard_platform/hw/milestone_1_wrapper.xsa
TRACE::2026-02-14.20:13:55::SCWPlatform:: Unique name xilinx:zed::0.0
TRACE::2026-02-14.20:13:55::SCWPlatform::Trying to set the existing hwdb with name design_1_wrapper_0
TRACE::2026-02-14.20:13:55::SCWPlatform::Opened existing hwdb design_1_wrapper_0
TRACE::2026-02-14.20:13:55::SCWPlatform::Found the Hw Db part of the input DSA
TRACE::2026-02-14.20:13:55::SCWMssOS::Checking the sw design at  C:/Zynq_Book/vitis_workspace/zedboard_platform/ps7_cortexa9_0/standalone_domain/bsp/system.mss
TRACE::2026-02-14.20:13:55::SCWMssOS::DEBUG:  swdes dump  
TRACE::2026-02-14.20:13:55::SCWMssOS::No sw design opened at  C:/Zynq_Book/vitis_workspace/zedboard_platform/ps7_cortexa9_0/standalone_domain/bsp/system.mss
TRACE::2026-02-14.20:13:55::SCWMssOS::mss does not exists at C:/Zynq_Book/vitis_workspace/zedboard_platform/ps7_cortexa9_0/standalone_domain/bsp/system.mss
TRACE::2026-02-14.20:13:55::SCWMssOS::Creating sw design at  C:/Zynq_Book/vitis_workspace/zedboard_platform/ps7_cortexa9_0/standalone_domain/bsp/system.mss
TRACE::2026-02-14.20:13:55::SCWMssOS::Adding the swdes entry, created swdb C:/Zynq_Book/vitis_workspace/zedboard_platform/ps7_cortexa9_0/standalone_domain/bsp/system.mss with des name C:/Zynq_Book/vitis_workspace/zedboard_platform/ps7_cortexa9_0/standalone_domain/bsp/system.mss
TRACE::2026-02-14.20:13:55::SCWMssOS::updating the scw layer changes to swdes at   C:/Zynq_Book/vitis_workspace/zedboard_platform/ps7_cortexa9_0/standalone_domain/bsp/system.mss
TRACE::2026-02-14.20:13:55::SCWMssOS::Writing mss at C:/Zynq_Book/vitis_workspace/zedboard_platform/ps7_cortexa9_0/standalone_domain/bsp/system.mss
TRACE::2026-02-14.20:13:55::SCWMssOS::Completed writing the mss file at C:/Zynq_Book/vitis_workspace/zedboard_platform/ps7_cortexa9_0/standalone_domain/bsp
TRACE::2026-02-14.20:13:55::SCWMssOS::Picking up changes from newly written mss file into SCW Layer. 
TRACE::2026-02-14.20:13:55::SCWMssOS::Updated the changes from newly written mss file into SCW Layer. 
TRACE::2026-02-14.20:13:55::SCWMssOS::Completed writing the mss file at C:/Zynq_Book/vitis_workspace/zedboard_platform/ps7_cortexa9_0/standalone_domain/bsp
TRACE::2026-02-14.20:13:55::SCWMssOS::Forcing BSP Sources regeneration.
TRACE::2026-02-14.20:13:57::SCWMssOS::Saving the mss changes C:/Zynq_Book/vitis_workspace/zedboard_platform/ps7_cortexa9_0/standalone_domain/bsp/system.mss
TRACE::2026-02-14.20:13:57::SCWMssOS::Found a swdesign opened with the mssfile.
TRACE::2026-02-14.20:13:57::SCWMssOS::Running validate of swdbs.
KEYINFO::2026-02-14.20:13:57::SCWMssOS::Could not open the swdb for C:/Zynq_Book/vitis_workspace/zedboard_platform/ps7_cortexa9_0/standalone_domain/bsp/system.mss
KEYINFO::2026-02-14.20:13:57::SCWMssOS::Could not open the sw design at  C:/Zynq_Book/vitis_workspace/zedboard_platform/ps7_cortexa9_0/standalone_domain/bsp/system.mss
ERROR: [Hsi 55-1558] Software Design C:/Zynq_Book/vitis_workspace/zedboard_platform/ps7_cortexa9_0/standalone_domain/bsp/system.mss is not found

TRACE::2026-02-14.20:13:57::SCWMssOS::Cleared the swdb table entry
TRACE::2026-02-14.20:13:57::SCWMssOS::Adding the swdes entry, mss present, able to open swdb C:/Zynq_Book/vitis_workspace/zedboard_platform/ps7_cortexa9_0/standalone_domain/bsp/system.mss with des name system
TRACE::2026-02-14.20:13:57::SCWMssOS::Writing the mss file completed C:/Zynq_Book/vitis_workspace/zedboard_platform/ps7_cortexa9_0/standalone_domain/bsp/system.mss
TRACE::2026-02-14.20:13:57::SCWMssOS::Commit changes completed.
TRACE::2026-02-14.20:13:57::SCWPlatform::Trying to open the hw design at C:/Zynq_Book/vitis_workspace/zedboard_platform/hw/milestone_1_wrapper.xsa
TRACE::2026-02-14.20:13:57::SCWPlatform::DSA given C:/Zynq_Book/vitis_workspace/zedboard_platform/hw/milestone_1_wrapper.xsa
TRACE::2026-02-14.20:13:57::SCWPlatform::DSA absoulate path C:/Zynq_Book/vitis_workspace/zedboard_platform/hw/milestone_1_wrapper.xsa
TRACE::2026-02-14.20:13:57::SCWPlatform::DSA directory C:/Zynq_Book/vitis_workspace/zedboard_platform/hw
TRACE::2026-02-14.20:13:57::SCWPlatform:: Platform Path C:/Zynq_Book/vitis_workspace/zedboard_platform/hw/milestone_1_wrapper.xsa
TRACE::2026-02-14.20:13:57::SCWPlatform:: Unique name xilinx:zed::0.0
TRACE::2026-02-14.20:13:57::SCWPlatform::Trying to set the existing hwdb with name design_1_wrapper_0
TRACE::2026-02-14.20:13:57::SCWPlatform::Opened existing hwdb design_1_wrapper_0
TRACE::2026-02-14.20:13:57::SCWPlatform::Found the Hw Db part of the input DSA
TRACE::2026-02-14.20:13:57::SCWMssOS::Checking the sw design at  C:/Zynq_Book/vitis_workspace/zedboard_platform/ps7_cortexa9_0/standalone_domain/bsp/system.mss
TRACE::2026-02-14.20:13:57::SCWMssOS::DEBUG:  swdes dump  C:/Zynq_Book/vitis_workspace/zedboard_platform/ps7_cortexa9_0/standalone_domain/bsp/system.mss|system||

TRACE::2026-02-14.20:13:57::SCWMssOS::Sw design exists and opened at  C:/Zynq_Book/vitis_workspace/zedboard_platform/ps7_cortexa9_0/standalone_domain/bsp/system.mss
TRACE::2026-02-14.20:13:57::SCWPlatform::Trying to open the hw design at C:/Zynq_Book/vitis_workspace/zedboard_platform/hw/milestone_1_wrapper.xsa
TRACE::2026-02-14.20:13:57::SCWPlatform::DSA given C:/Zynq_Book/vitis_workspace/zedboard_platform/hw/milestone_1_wrapper.xsa
TRACE::2026-02-14.20:13:57::SCWPlatform::DSA absoulate path C:/Zynq_Book/vitis_workspace/zedboard_platform/hw/milestone_1_wrapper.xsa
TRACE::2026-02-14.20:13:57::SCWPlatform::DSA directory C:/Zynq_Book/vitis_workspace/zedboard_platform/hw
TRACE::2026-02-14.20:13:57::SCWPlatform:: Platform Path C:/Zynq_Book/vitis_workspace/zedboard_platform/hw/milestone_1_wrapper.xsa
TRACE::2026-02-14.20:13:57::SCWPlatform:: Unique name xilinx:zed::0.0
TRACE::2026-02-14.20:13:57::SCWPlatform::Trying to set the existing hwdb with name design_1_wrapper_0
TRACE::2026-02-14.20:13:57::SCWPlatform::Opened existing hwdb design_1_wrapper_0
TRACE::2026-02-14.20:13:57::SCWPlatform::Found the Hw Db part of the input DSA
TRACE::2026-02-14.20:13:57::SCWMssOS::Checking the sw design at  C:/Zynq_Book/vitis_workspace/zedboard_platform/ps7_cortexa9_0/standalone_domain/bsp/system.mss
TRACE::2026-02-14.20:13:57::SCWMssOS::DEBUG:  swdes dump  C:/Zynq_Book/vitis_workspace/zedboard_platform/ps7_cortexa9_0/standalone_domain/bsp/system.mss|system||

TRACE::2026-02-14.20:13:57::SCWMssOS::Sw design exists and opened at  C:/Zynq_Book/vitis_workspace/zedboard_platform/ps7_cortexa9_0/standalone_domain/bsp/system.mss
TRACE::2026-02-14.20:13:57::SCWPlatform::Trying to open the hw design at C:/Zynq_Book/vitis_workspace/zedboard_platform/hw/milestone_1_wrapper.xsa
TRACE::2026-02-14.20:13:57::SCWPlatform::DSA given C:/Zynq_Book/vitis_workspace/zedboard_platform/hw/milestone_1_wrapper.xsa
TRACE::2026-02-14.20:13:57::SCWPlatform::DSA absoulate path C:/Zynq_Book/vitis_workspace/zedboard_platform/hw/milestone_1_wrapper.xsa
TRACE::2026-02-14.20:13:57::SCWPlatform::DSA directory C:/Zynq_Book/vitis_workspace/zedboard_platform/hw
TRACE::2026-02-14.20:13:57::SCWPlatform:: Platform Path C:/Zynq_Book/vitis_workspace/zedboard_platform/hw/milestone_1_wrapper.xsa
TRACE::2026-02-14.20:13:57::SCWPlatform:: Unique name xilinx:zed::0.0
TRACE::2026-02-14.20:13:57::SCWPlatform::Trying to set the existing hwdb with name design_1_wrapper_0
TRACE::2026-02-14.20:13:57::SCWPlatform::Opened existing hwdb design_1_wrapper_0
TRACE::2026-02-14.20:13:57::SCWPlatform::Found the Hw Db part of the input DSA
TRACE::2026-02-14.20:13:57::SCWMssOS::Checking the sw design at  C:/Zynq_Book/vitis_workspace/zedboard_platform/ps7_cortexa9_0/standalone_domain/bsp/system.mss
TRACE::2026-02-14.20:13:57::SCWMssOS::DEBUG:  swdes dump  C:/Zynq_Book/vitis_workspace/zedboard_platform/ps7_cortexa9_0/standalone_domain/bsp/system.mss|system||

TRACE::2026-02-14.20:13:57::SCWMssOS::Sw design exists and opened at  C:/Zynq_Book/vitis_workspace/zedboard_platform/ps7_cortexa9_0/standalone_domain/bsp/system.mss
TRACE::2026-02-14.20:13:57::SCWWriter::formatted JSON is {
	"platformName":	"zedboard_platform",
	"sprVersion":	"2.0",
	"mode":	"gui",
	"dsaType":	"Fixed",
	"platformDesc":	"zedboard_platform",
	"platHandOff":	"C:/Zynq_Book/vga_tutorial/vga_tutorial/milestone_1_wrapper.xsa",
	"platIntHandOff":	"<platformDir>/hw/milestone_1_wrapper.xsa",
	"deviceType":	"zynq",
	"platIsPrebuiltAutogen":	"false",
	"platIsNoBootBsp":	"true",
	"hasFsblMakeHasChanges":	"false",
	"hasPmufwMakeHasChanges":	"false",
	"platPreBuiltFlag":	false,
	"platformSamplesDir":	"",
	"platActiveSys":	"zedboard_platform",
	"systems":	[{
			"systemName":	"zedboard_platform",
			"systemDesc":	"zedboard_platform",
			"sysIsBootAutoGen":	"true",
			"systemDispName":	"zedboard_platform",
			"sysActiveDom":	"standalone_domain",
			"sysDefaultDom":	"standalone_domain",
			"domains":	[{
					"domainName":	"standalone_domain",
					"domainDispName":	"standalone_domain",
					"domainDesc":	"standalone_domain",
					"processors":	"ps7_cortexa9_0",
					"os":	"standalone",
					"sdxOs":	"standalone",
					"qemuArgs":	"C:/Xilinx/Vitis/2020.2/data/emulation/platforms/zynq/sw/a9_standalone/qemu/qemu_args.txt",
					"qemuData":	"C:/Xilinx/Vitis/2020.2/data/emulation/platforms/zynq/sw/a9_standalone/qemu/",
					"debugEnable":	"False",
					"domRuntimes":	["cpp"],
					"swRepo":	"",
					"mssOsVer":	"7.3",
					"mssFile":	"",
					"md5Digest":	"87dac8935c403fb645452bd32d4e4813",
					"compatibleApp":	"",
					"domType":	"mssDomain",
					"appSettings":	{
						"appCompilerFlags":	"",
						"appLinkerFlags":	""
					},
					"addedLibs":	[],
					"libOptions":	{
						"libsContainingOptions":	[]
					},
					"prebuiltLibs":	{
						"prebuiltIncPath":	[],
						"prebuiltLibPath":	[]
					},
					"isolation":	{
					}
				}]
		}]
}
LOG::2026-02-14.20:13:57::SCWPlatform::Started generating the artifacts platform zedboard_platform
TRACE::2026-02-14.20:13:57::SCWPlatform::Sanity checking of platform is completed
LOG::2026-02-14.20:13:57::SCWPlatform::Started generating the artifacts for system configuration zedboard_platform
LOG::2026-02-14.20:13:57::SCWSystem::Checking the domain standalone_domain
LOG::2026-02-14.20:13:57::SCWSystem::Not a boot domain 
LOG::2026-02-14.20:13:57::SCWSystem::Started Processing the domain standalone_domain
TRACE::2026-02-14.20:13:57::SCWDomain::Generating domain artifcats
TRACE::2026-02-14.20:13:57::SCWMssOS::Generating standalone artifcats
TRACE::2026-02-14.20:13:57::SCWMssOS::Copying the qemu file from  C:/Xilinx/Vitis/2020.2/data/emulation/platforms/zynq/sw/a9_standalone/qemu/qemu_args.txt To C:/Zynq_Book/vitis_workspace/zedboard_platform/export/zedboard_platform/sw/zedboard_platform/qemu/
TRACE::2026-02-14.20:13:57::SCWMssOS::Copying the qemu file from  C:/Xilinx/Vitis/2020.2/data/emulation/platforms/zynq/sw/a9_standalone/qemu/qemu_args.txt To C:/Zynq_Book/vitis_workspace/zedboard_platform/export/zedboard_platform/sw/zedboard_platform/standalone_domain/qemu/
TRACE::2026-02-14.20:13:57::SCWMssOS:: Copying the user libraries. 
TRACE::2026-02-14.20:13:57::SCWPlatform::Trying to open the hw design at C:/Zynq_Book/vitis_workspace/zedboard_platform/hw/milestone_1_wrapper.xsa
TRACE::2026-02-14.20:13:57::SCWPlatform::DSA given C:/Zynq_Book/vitis_workspace/zedboard_platform/hw/milestone_1_wrapper.xsa
TRACE::2026-02-14.20:13:57::SCWPlatform::DSA absoulate path C:/Zynq_Book/vitis_workspace/zedboard_platform/hw/milestone_1_wrapper.xsa
TRACE::2026-02-14.20:13:57::SCWPlatform::DSA directory C:/Zynq_Book/vitis_workspace/zedboard_platform/hw
TRACE::2026-02-14.20:13:57::SCWPlatform:: Platform Path C:/Zynq_Book/vitis_workspace/zedboard_platform/hw/milestone_1_wrapper.xsa
TRACE::2026-02-14.20:13:57::SCWPlatform:: Unique name xilinx:zed::0.0
TRACE::2026-02-14.20:13:57::SCWPlatform::Trying to set the existing hwdb with name design_1_wrapper_0
TRACE::2026-02-14.20:13:57::SCWPlatform::Opened existing hwdb design_1_wrapper_0
TRACE::2026-02-14.20:13:57::SCWPlatform::Found the Hw Db part of the input DSA
TRACE::2026-02-14.20:13:57::SCWMssOS::Checking the sw design at  C:/Zynq_Book/vitis_workspace/zedboard_platform/ps7_cortexa9_0/standalone_domain/bsp/system.mss
TRACE::2026-02-14.20:13:57::SCWMssOS::DEBUG:  swdes dump  C:/Zynq_Book/vitis_workspace/zedboard_platform/ps7_cortexa9_0/standalone_domain/bsp/system.mss|system||

TRACE::2026-02-14.20:13:57::SCWMssOS::Sw design exists and opened at  C:/Zynq_Book/vitis_workspace/zedboard_platform/ps7_cortexa9_0/standalone_domain/bsp/system.mss
TRACE::2026-02-14.20:13:57::SCWMssOS::Completed writing the mss file at C:/Zynq_Book/vitis_workspace/zedboard_platform/ps7_cortexa9_0/standalone_domain/bsp
TRACE::2026-02-14.20:13:57::SCWMssOS::Mss edits present, copying mssfile into export location C:/Zynq_Book/vitis_workspace/zedboard_platform/ps7_cortexa9_0/standalone_domain/bsp/system.mss
TRACE::2026-02-14.20:13:57::SCWMssOS::bsp generated is upto date with the mss file. Skipping bsp generation.
TRACE::2026-02-14.20:13:57::SCWMssOS::BSP is already built. skipping the bsp build ... 
TRACE::2026-02-14.20:13:57::SCWDomain::Skipping the build for domain :  standalone_domain
TRACE::2026-02-14.20:13:57::SCWMssOS::skipping the bsp build ... 
TRACE::2026-02-14.20:13:57::SCWMssOS::Copying to export directory.
TRACE::2026-02-14.20:13:57::SCWMssOS:: Checking if to create the Supporting Applications
TRACE::2026-02-14.20:13:57::SCWMssOS:: No Linux domain exists, trying to generate FSBL 
TRACE::2026-02-14.20:13:57::SCWMssOS:: Completed Standalone Artifacts creation 
LOG::2026-02-14.20:13:57::SCWSystem::Completed Processing the domain standalone_domain
LOG::2026-02-14.20:13:57::SCWSystem::Completed Processing the sysconfig zedboard_platform
LOG::2026-02-14.20:13:57::SCWPlatform::Completed generating the artifacts for system configuration zedboard_platform
TRACE::2026-02-14.20:13:57::SCWPlatform::Started preparing the platform 
TRACE::2026-02-14.20:13:57::SCWSystem::Writing the bif file for system config zedboard_platform
TRACE::2026-02-14.20:13:57::SCWSystem::dir created 
TRACE::2026-02-14.20:13:57::SCWSystem::Writing the bif 
TRACE::2026-02-14.20:13:57::SCWPlatform::Started writing the spfm file 
TRACE::2026-02-14.20:13:57::SCWPlatform::Started writing the xpfm file 
TRACE::2026-02-14.20:13:57::SCWPlatform::Completed generating the platform
TRACE::2026-02-14.20:13:57::SCWMssOS::Saving the mss changes C:/Zynq_Book/vitis_workspace/zedboard_platform/ps7_cortexa9_0/standalone_domain/bsp/system.mss
TRACE::2026-02-14.20:13:57::SCWMssOS::Found a swdesign opened with the mssfile.
TRACE::2026-02-14.20:13:57::SCWMssOS::Completed writemss as part of save.
TRACE::2026-02-14.20:13:57::SCWMssOS::Commit changes completed.
TRACE::2026-02-14.20:13:57::SCWPlatform::Trying to open the hw design at C:/Zynq_Book/vitis_workspace/zedboard_platform/hw/milestone_1_wrapper.xsa
TRACE::2026-02-14.20:13:57::SCWPlatform::DSA given C:/Zynq_Book/vitis_workspace/zedboard_platform/hw/milestone_1_wrapper.xsa
TRACE::2026-02-14.20:13:57::SCWPlatform::DSA absoulate path C:/Zynq_Book/vitis_workspace/zedboard_platform/hw/milestone_1_wrapper.xsa
TRACE::2026-02-14.20:13:57::SCWPlatform::DSA directory C:/Zynq_Book/vitis_workspace/zedboard_platform/hw
TRACE::2026-02-14.20:13:57::SCWPlatform:: Platform Path C:/Zynq_Book/vitis_workspace/zedboard_platform/hw/milestone_1_wrapper.xsa
TRACE::2026-02-14.20:13:57::SCWPlatform:: Unique name xilinx:zed::0.0
TRACE::2026-02-14.20:13:57::SCWPlatform::Trying to set the existing hwdb with name design_1_wrapper_0
TRACE::2026-02-14.20:13:57::SCWPlatform::Opened existing hwdb design_1_wrapper_0
TRACE::2026-02-14.20:13:57::SCWPlatform::Found the Hw Db part of the input DSA
TRACE::2026-02-14.20:13:57::SCWMssOS::Checking the sw design at  C:/Zynq_Book/vitis_workspace/zedboard_platform/ps7_cortexa9_0/standalone_domain/bsp/system.mss
TRACE::2026-02-14.20:13:57::SCWMssOS::DEBUG:  swdes dump  C:/Zynq_Book/vitis_workspace/zedboard_platform/ps7_cortexa9_0/standalone_domain/bsp/system.mss|system||

TRACE::2026-02-14.20:13:57::SCWMssOS::Sw design exists and opened at  C:/Zynq_Book/vitis_workspace/zedboard_platform/ps7_cortexa9_0/standalone_domain/bsp/system.mss
TRACE::2026-02-14.20:13:57::SCWPlatform::Trying to open the hw design at C:/Zynq_Book/vitis_workspace/zedboard_platform/hw/milestone_1_wrapper.xsa
TRACE::2026-02-14.20:13:57::SCWPlatform::DSA given C:/Zynq_Book/vitis_workspace/zedboard_platform/hw/milestone_1_wrapper.xsa
TRACE::2026-02-14.20:13:57::SCWPlatform::DSA absoulate path C:/Zynq_Book/vitis_workspace/zedboard_platform/hw/milestone_1_wrapper.xsa
TRACE::2026-02-14.20:13:57::SCWPlatform::DSA directory C:/Zynq_Book/vitis_workspace/zedboard_platform/hw
TRACE::2026-02-14.20:13:57::SCWPlatform:: Platform Path C:/Zynq_Book/vitis_workspace/zedboard_platform/hw/milestone_1_wrapper.xsa
TRACE::2026-02-14.20:13:57::SCWPlatform:: Unique name xilinx:zed::0.0
TRACE::2026-02-14.20:13:57::SCWPlatform::Trying to set the existing hwdb with name design_1_wrapper_0
TRACE::2026-02-14.20:13:57::SCWPlatform::Opened existing hwdb design_1_wrapper_0
TRACE::2026-02-14.20:13:57::SCWPlatform::Found the Hw Db part of the input DSA
TRACE::2026-02-14.20:13:57::SCWMssOS::Checking the sw design at  C:/Zynq_Book/vitis_workspace/zedboard_platform/ps7_cortexa9_0/standalone_domain/bsp/system.mss
TRACE::2026-02-14.20:13:57::SCWMssOS::DEBUG:  swdes dump  C:/Zynq_Book/vitis_workspace/zedboard_platform/ps7_cortexa9_0/standalone_domain/bsp/system.mss|system||

TRACE::2026-02-14.20:13:57::SCWMssOS::Sw design exists and opened at  C:/Zynq_Book/vitis_workspace/zedboard_platform/ps7_cortexa9_0/standalone_domain/bsp/system.mss
TRACE::2026-02-14.20:13:57::SCWPlatform::Trying to open the hw design at C:/Zynq_Book/vitis_workspace/zedboard_platform/hw/milestone_1_wrapper.xsa
TRACE::2026-02-14.20:13:57::SCWPlatform::DSA given C:/Zynq_Book/vitis_workspace/zedboard_platform/hw/milestone_1_wrapper.xsa
TRACE::2026-02-14.20:13:57::SCWPlatform::DSA absoulate path C:/Zynq_Book/vitis_workspace/zedboard_platform/hw/milestone_1_wrapper.xsa
TRACE::2026-02-14.20:13:57::SCWPlatform::DSA directory C:/Zynq_Book/vitis_workspace/zedboard_platform/hw
TRACE::2026-02-14.20:13:58::SCWPlatform:: Platform Path C:/Zynq_Book/vitis_workspace/zedboard_platform/hw/milestone_1_wrapper.xsa
TRACE::2026-02-14.20:13:58::SCWPlatform:: Unique name xilinx:zed::0.0
TRACE::2026-02-14.20:13:58::SCWPlatform::Trying to set the existing hwdb with name design_1_wrapper_0
TRACE::2026-02-14.20:13:58::SCWPlatform::Opened existing hwdb design_1_wrapper_0
TRACE::2026-02-14.20:13:58::SCWPlatform::Found the Hw Db part of the input DSA
TRACE::2026-02-14.20:13:58::SCWMssOS::Checking the sw design at  C:/Zynq_Book/vitis_workspace/zedboard_platform/ps7_cortexa9_0/standalone_domain/bsp/system.mss
TRACE::2026-02-14.20:13:58::SCWMssOS::DEBUG:  swdes dump  C:/Zynq_Book/vitis_workspace/zedboard_platform/ps7_cortexa9_0/standalone_domain/bsp/system.mss|system||

TRACE::2026-02-14.20:13:58::SCWMssOS::Sw design exists and opened at  C:/Zynq_Book/vitis_workspace/zedboard_platform/ps7_cortexa9_0/standalone_domain/bsp/system.mss
TRACE::2026-02-14.20:13:58::SCWWriter::formatted JSON is {
	"platformName":	"zedboard_platform",
	"sprVersion":	"2.0",
	"mode":	"gui",
	"dsaType":	"Fixed",
	"platformDesc":	"zedboard_platform",
	"platHandOff":	"C:/Zynq_Book/vga_tutorial/vga_tutorial/milestone_1_wrapper.xsa",
	"platIntHandOff":	"<platformDir>/hw/milestone_1_wrapper.xsa",
	"deviceType":	"zynq",
	"platIsPrebuiltAutogen":	"false",
	"platIsNoBootBsp":	"true",
	"hasFsblMakeHasChanges":	"false",
	"hasPmufwMakeHasChanges":	"false",
	"platPreBuiltFlag":	false,
	"platformSamplesDir":	"",
	"platActiveSys":	"zedboard_platform",
	"systems":	[{
			"systemName":	"zedboard_platform",
			"systemDesc":	"zedboard_platform",
			"sysIsBootAutoGen":	"true",
			"systemDispName":	"zedboard_platform",
			"sysActiveDom":	"standalone_domain",
			"sysDefaultDom":	"standalone_domain",
			"domains":	[{
					"domainName":	"standalone_domain",
					"domainDispName":	"standalone_domain",
					"domainDesc":	"standalone_domain",
					"processors":	"ps7_cortexa9_0",
					"os":	"standalone",
					"sdxOs":	"standalone",
					"qemuArgs":	"C:/Xilinx/Vitis/2020.2/data/emulation/platforms/zynq/sw/a9_standalone/qemu/qemu_args.txt",
					"qemuData":	"C:/Xilinx/Vitis/2020.2/data/emulation/platforms/zynq/sw/a9_standalone/qemu/",
					"debugEnable":	"False",
					"domRuntimes":	["cpp"],
					"swRepo":	"",
					"mssOsVer":	"7.3",
					"mssFile":	"",
					"md5Digest":	"87dac8935c403fb645452bd32d4e4813",
					"compatibleApp":	"",
					"domType":	"mssDomain",
					"appSettings":	{
						"appCompilerFlags":	"",
						"appLinkerFlags":	""
					},
					"addedLibs":	[],
					"libOptions":	{
						"libsContainingOptions":	[]
					},
					"prebuiltLibs":	{
						"prebuiltIncPath":	[],
						"prebuiltLibPath":	[]
					},
					"isolation":	{
					}
				}]
		}]
}
KEYINFO::2026-02-14.20:13:58::SCWPlatform::updated the xpfm file.
TRACE::2026-02-14.20:13:58::SCWPlatform::Trying to open the hw design at C:/Zynq_Book/vitis_workspace/zedboard_platform/hw/milestone_1_wrapper.xsa
TRACE::2026-02-14.20:13:58::SCWPlatform::DSA given C:/Zynq_Book/vitis_workspace/zedboard_platform/hw/milestone_1_wrapper.xsa
TRACE::2026-02-14.20:13:58::SCWPlatform::DSA absoulate path C:/Zynq_Book/vitis_workspace/zedboard_platform/hw/milestone_1_wrapper.xsa
TRACE::2026-02-14.20:13:58::SCWPlatform::DSA directory C:/Zynq_Book/vitis_workspace/zedboard_platform/hw
TRACE::2026-02-14.20:13:58::SCWPlatform:: Platform Path C:/Zynq_Book/vitis_workspace/zedboard_platform/hw/milestone_1_wrapper.xsa
TRACE::2026-02-14.20:13:58::SCWPlatform:: Unique name xilinx:zed::0.0
TRACE::2026-02-14.20:13:58::SCWPlatform::Trying to set the existing hwdb with name design_1_wrapper_0
TRACE::2026-02-14.20:13:58::SCWPlatform::Opened existing hwdb design_1_wrapper_0
TRACE::2026-02-14.20:13:58::SCWPlatform::Found the Hw Db part of the input DSA
TRACE::2026-02-14.20:13:58::SCWMssOS::Checking the sw design at  C:/Zynq_Book/vitis_workspace/zedboard_platform/ps7_cortexa9_0/standalone_domain/bsp/system.mss
TRACE::2026-02-14.20:13:58::SCWMssOS::DEBUG:  swdes dump  C:/Zynq_Book/vitis_workspace/zedboard_platform/ps7_cortexa9_0/standalone_domain/bsp/system.mss|system||

TRACE::2026-02-14.20:13:58::SCWMssOS::Sw design exists and opened at  C:/Zynq_Book/vitis_workspace/zedboard_platform/ps7_cortexa9_0/standalone_domain/bsp/system.mss
TRACE::2026-02-14.20:13:58::SCWMssOS::Saving the mss changes C:/Zynq_Book/vitis_workspace/zedboard_platform/ps7_cortexa9_0/standalone_domain/bsp/system.mss
TRACE::2026-02-14.20:13:58::SCWMssOS::Found a swdesign opened with the mssfile.
TRACE::2026-02-14.20:13:58::SCWMssOS::Completed writemss as part of save.
TRACE::2026-02-14.20:13:58::SCWMssOS::Commit changes completed.
TRACE::2026-02-14.20:13:58::SCWPlatform::Trying to open the hw design at C:/Zynq_Book/vitis_workspace/zedboard_platform/hw/milestone_1_wrapper.xsa
TRACE::2026-02-14.20:13:58::SCWPlatform::DSA given C:/Zynq_Book/vitis_workspace/zedboard_platform/hw/milestone_1_wrapper.xsa
TRACE::2026-02-14.20:13:58::SCWPlatform::DSA absoulate path C:/Zynq_Book/vitis_workspace/zedboard_platform/hw/milestone_1_wrapper.xsa
TRACE::2026-02-14.20:13:58::SCWPlatform::DSA directory C:/Zynq_Book/vitis_workspace/zedboard_platform/hw
TRACE::2026-02-14.20:13:58::SCWPlatform:: Platform Path C:/Zynq_Book/vitis_workspace/zedboard_platform/hw/milestone_1_wrapper.xsa
TRACE::2026-02-14.20:13:58::SCWPlatform:: Unique name xilinx:zed::0.0
TRACE::2026-02-14.20:13:58::SCWPlatform::Trying to set the existing hwdb with name design_1_wrapper_0
TRACE::2026-02-14.20:13:58::SCWPlatform::Opened existing hwdb design_1_wrapper_0
TRACE::2026-02-14.20:13:58::SCWPlatform::Found the Hw Db part of the input DSA
TRACE::2026-02-14.20:13:58::SCWMssOS::Checking the sw design at  C:/Zynq_Book/vitis_workspace/zedboard_platform/ps7_cortexa9_0/standalone_domain/bsp/system.mss
TRACE::2026-02-14.20:13:58::SCWMssOS::DEBUG:  swdes dump  C:/Zynq_Book/vitis_workspace/zedboard_platform/ps7_cortexa9_0/standalone_domain/bsp/system.mss|system||

TRACE::2026-02-14.20:13:58::SCWMssOS::Sw design exists and opened at  C:/Zynq_Book/vitis_workspace/zedboard_platform/ps7_cortexa9_0/standalone_domain/bsp/system.mss
TRACE::2026-02-14.20:13:58::SCWPlatform::Trying to open the hw design at C:/Zynq_Book/vitis_workspace/zedboard_platform/hw/milestone_1_wrapper.xsa
TRACE::2026-02-14.20:13:58::SCWPlatform::DSA given C:/Zynq_Book/vitis_workspace/zedboard_platform/hw/milestone_1_wrapper.xsa
TRACE::2026-02-14.20:13:58::SCWPlatform::DSA absoulate path C:/Zynq_Book/vitis_workspace/zedboard_platform/hw/milestone_1_wrapper.xsa
TRACE::2026-02-14.20:13:58::SCWPlatform::DSA directory C:/Zynq_Book/vitis_workspace/zedboard_platform/hw
TRACE::2026-02-14.20:13:58::SCWPlatform:: Platform Path C:/Zynq_Book/vitis_workspace/zedboard_platform/hw/milestone_1_wrapper.xsa
TRACE::2026-02-14.20:13:58::SCWPlatform:: Unique name xilinx:zed::0.0
TRACE::2026-02-14.20:13:58::SCWPlatform::Trying to set the existing hwdb with name design_1_wrapper_0
TRACE::2026-02-14.20:13:58::SCWPlatform::Opened existing hwdb design_1_wrapper_0
TRACE::2026-02-14.20:13:58::SCWPlatform::Found the Hw Db part of the input DSA
TRACE::2026-02-14.20:13:58::SCWMssOS::Checking the sw design at  C:/Zynq_Book/vitis_workspace/zedboard_platform/ps7_cortexa9_0/standalone_domain/bsp/system.mss
TRACE::2026-02-14.20:13:58::SCWMssOS::DEBUG:  swdes dump  C:/Zynq_Book/vitis_workspace/zedboard_platform/ps7_cortexa9_0/standalone_domain/bsp/system.mss|system||

TRACE::2026-02-14.20:13:58::SCWMssOS::Sw design exists and opened at  C:/Zynq_Book/vitis_workspace/zedboard_platform/ps7_cortexa9_0/standalone_domain/bsp/system.mss
TRACE::2026-02-14.20:13:58::SCWPlatform::Trying to open the hw design at C:/Zynq_Book/vitis_workspace/zedboard_platform/hw/milestone_1_wrapper.xsa
TRACE::2026-02-14.20:13:58::SCWPlatform::DSA given C:/Zynq_Book/vitis_workspace/zedboard_platform/hw/milestone_1_wrapper.xsa
TRACE::2026-02-14.20:13:58::SCWPlatform::DSA absoulate path C:/Zynq_Book/vitis_workspace/zedboard_platform/hw/milestone_1_wrapper.xsa
TRACE::2026-02-14.20:13:58::SCWPlatform::DSA directory C:/Zynq_Book/vitis_workspace/zedboard_platform/hw
TRACE::2026-02-14.20:13:58::SCWPlatform:: Platform Path C:/Zynq_Book/vitis_workspace/zedboard_platform/hw/milestone_1_wrapper.xsa
TRACE::2026-02-14.20:13:58::SCWPlatform:: Unique name xilinx:zed::0.0
TRACE::2026-02-14.20:13:58::SCWPlatform::Trying to set the existing hwdb with name design_1_wrapper_0
TRACE::2026-02-14.20:13:58::SCWPlatform::Opened existing hwdb design_1_wrapper_0
TRACE::2026-02-14.20:13:58::SCWPlatform::Found the Hw Db part of the input DSA
TRACE::2026-02-14.20:13:58::SCWMssOS::Checking the sw design at  C:/Zynq_Book/vitis_workspace/zedboard_platform/ps7_cortexa9_0/standalone_domain/bsp/system.mss
TRACE::2026-02-14.20:13:58::SCWMssOS::DEBUG:  swdes dump  C:/Zynq_Book/vitis_workspace/zedboard_platform/ps7_cortexa9_0/standalone_domain/bsp/system.mss|system||

TRACE::2026-02-14.20:13:58::SCWMssOS::Sw design exists and opened at  C:/Zynq_Book/vitis_workspace/zedboard_platform/ps7_cortexa9_0/standalone_domain/bsp/system.mss
TRACE::2026-02-14.20:13:58::SCWWriter::formatted JSON is {
	"platformName":	"zedboard_platform",
	"sprVersion":	"2.0",
	"mode":	"gui",
	"dsaType":	"Fixed",
	"platformDesc":	"zedboard_platform",
	"platHandOff":	"C:/Zynq_Book/vga_tutorial/vga_tutorial/milestone_1_wrapper.xsa",
	"platIntHandOff":	"<platformDir>/hw/milestone_1_wrapper.xsa",
	"deviceType":	"zynq",
	"platIsPrebuiltAutogen":	"false",
	"platIsNoBootBsp":	"true",
	"hasFsblMakeHasChanges":	"false",
	"hasPmufwMakeHasChanges":	"false",
	"platPreBuiltFlag":	false,
	"platformSamplesDir":	"",
	"platActiveSys":	"zedboard_platform",
	"systems":	[{
			"systemName":	"zedboard_platform",
			"systemDesc":	"zedboard_platform",
			"sysIsBootAutoGen":	"true",
			"systemDispName":	"zedboard_platform",
			"sysActiveDom":	"standalone_domain",
			"sysDefaultDom":	"standalone_domain",
			"domains":	[{
					"domainName":	"standalone_domain",
					"domainDispName":	"standalone_domain",
					"domainDesc":	"standalone_domain",
					"processors":	"ps7_cortexa9_0",
					"os":	"standalone",
					"sdxOs":	"standalone",
					"qemuArgs":	"C:/Xilinx/Vitis/2020.2/data/emulation/platforms/zynq/sw/a9_standalone/qemu/qemu_args.txt",
					"qemuData":	"C:/Xilinx/Vitis/2020.2/data/emulation/platforms/zynq/sw/a9_standalone/qemu/",
					"debugEnable":	"False",
					"domRuntimes":	["cpp"],
					"swRepo":	"",
					"mssOsVer":	"7.3",
					"mssFile":	"",
					"md5Digest":	"87dac8935c403fb645452bd32d4e4813",
					"compatibleApp":	"",
					"domType":	"mssDomain",
					"appSettings":	{
						"appCompilerFlags":	"",
						"appLinkerFlags":	""
					},
					"addedLibs":	[],
					"libOptions":	{
						"libsContainingOptions":	[]
					},
					"prebuiltLibs":	{
						"prebuiltIncPath":	[],
						"prebuiltLibPath":	[]
					},
					"isolation":	{
					}
				}]
		}]
}
TRACE::2026-02-14.20:13:58::SCWPlatform::Trying to open the hw design at C:/Zynq_Book/vitis_workspace/zedboard_platform/hw/milestone_1_wrapper.xsa
TRACE::2026-02-14.20:13:58::SCWPlatform::DSA given C:/Zynq_Book/vitis_workspace/zedboard_platform/hw/milestone_1_wrapper.xsa
TRACE::2026-02-14.20:13:58::SCWPlatform::DSA absoulate path C:/Zynq_Book/vitis_workspace/zedboard_platform/hw/milestone_1_wrapper.xsa
TRACE::2026-02-14.20:13:58::SCWPlatform::DSA directory C:/Zynq_Book/vitis_workspace/zedboard_platform/hw
TRACE::2026-02-14.20:13:58::SCWPlatform:: Platform Path C:/Zynq_Book/vitis_workspace/zedboard_platform/hw/milestone_1_wrapper.xsa
TRACE::2026-02-14.20:13:58::SCWPlatform:: Unique name xilinx:zed::0.0
TRACE::2026-02-14.20:13:58::SCWPlatform::Trying to set the existing hwdb with name design_1_wrapper_0
TRACE::2026-02-14.20:13:58::SCWPlatform::Opened existing hwdb design_1_wrapper_0
TRACE::2026-02-14.20:13:58::SCWPlatform::Found the Hw Db part of the input DSA
TRACE::2026-02-14.20:13:58::SCWMssOS::Checking the sw design at  C:/Zynq_Book/vitis_workspace/zedboard_platform/ps7_cortexa9_0/standalone_domain/bsp/system.mss
TRACE::2026-02-14.20:13:58::SCWMssOS::DEBUG:  swdes dump  C:/Zynq_Book/vitis_workspace/zedboard_platform/ps7_cortexa9_0/standalone_domain/bsp/system.mss|system||

TRACE::2026-02-14.20:13:58::SCWMssOS::Sw design exists and opened at  C:/Zynq_Book/vitis_workspace/zedboard_platform/ps7_cortexa9_0/standalone_domain/bsp/system.mss
TRACE::2026-02-14.20:13:58::SCWPlatform::Trying to open the hw design at C:/Zynq_Book/vitis_workspace/zedboard_platform/hw/milestone_1_wrapper.xsa
TRACE::2026-02-14.20:13:58::SCWPlatform::DSA given C:/Zynq_Book/vitis_workspace/zedboard_platform/hw/milestone_1_wrapper.xsa
TRACE::2026-02-14.20:13:58::SCWPlatform::DSA absoulate path C:/Zynq_Book/vitis_workspace/zedboard_platform/hw/milestone_1_wrapper.xsa
TRACE::2026-02-14.20:13:58::SCWPlatform::DSA directory C:/Zynq_Book/vitis_workspace/zedboard_platform/hw
TRACE::2026-02-14.20:13:58::SCWPlatform:: Platform Path C:/Zynq_Book/vitis_workspace/zedboard_platform/hw/milestone_1_wrapper.xsa
TRACE::2026-02-14.20:13:58::SCWPlatform:: Unique name xilinx:zed::0.0
TRACE::2026-02-14.20:13:58::SCWPlatform::Trying to set the existing hwdb with name design_1_wrapper_0
TRACE::2026-02-14.20:13:58::SCWPlatform::Opened existing hwdb design_1_wrapper_0
TRACE::2026-02-14.20:13:58::SCWPlatform::Found the Hw Db part of the input DSA
TRACE::2026-02-14.20:13:58::SCWMssOS::Checking the sw design at  C:/Zynq_Book/vitis_workspace/zedboard_platform/ps7_cortexa9_0/standalone_domain/bsp/system.mss
TRACE::2026-02-14.20:13:58::SCWMssOS::DEBUG:  swdes dump  C:/Zynq_Book/vitis_workspace/zedboard_platform/ps7_cortexa9_0/standalone_domain/bsp/system.mss|system||

TRACE::2026-02-14.20:13:58::SCWMssOS::Sw design exists and opened at  C:/Zynq_Book/vitis_workspace/zedboard_platform/ps7_cortexa9_0/standalone_domain/bsp/system.mss
TRACE::2026-02-14.20:13:58::SCWPlatform::Trying to open the hw design at C:/Zynq_Book/vitis_workspace/zedboard_platform/hw/milestone_1_wrapper.xsa
TRACE::2026-02-14.20:13:58::SCWPlatform::DSA given C:/Zynq_Book/vitis_workspace/zedboard_platform/hw/milestone_1_wrapper.xsa
TRACE::2026-02-14.20:13:58::SCWPlatform::DSA absoulate path C:/Zynq_Book/vitis_workspace/zedboard_platform/hw/milestone_1_wrapper.xsa
TRACE::2026-02-14.20:13:58::SCWPlatform::DSA directory C:/Zynq_Book/vitis_workspace/zedboard_platform/hw
TRACE::2026-02-14.20:13:58::SCWPlatform:: Platform Path C:/Zynq_Book/vitis_workspace/zedboard_platform/hw/milestone_1_wrapper.xsa
TRACE::2026-02-14.20:13:58::SCWPlatform:: Unique name xilinx:zed::0.0
TRACE::2026-02-14.20:13:58::SCWPlatform::Trying to set the existing hwdb with name design_1_wrapper_0
TRACE::2026-02-14.20:13:58::SCWPlatform::Opened existing hwdb design_1_wrapper_0
TRACE::2026-02-14.20:13:58::SCWPlatform::Found the Hw Db part of the input DSA
TRACE::2026-02-14.20:13:58::SCWMssOS::Checking the sw design at  C:/Zynq_Book/vitis_workspace/zedboard_platform/ps7_cortexa9_0/standalone_domain/bsp/system.mss
TRACE::2026-02-14.20:13:58::SCWMssOS::DEBUG:  swdes dump  C:/Zynq_Book/vitis_workspace/zedboard_platform/ps7_cortexa9_0/standalone_domain/bsp/system.mss|system||

TRACE::2026-02-14.20:13:58::SCWMssOS::Sw design exists and opened at  C:/Zynq_Book/vitis_workspace/zedboard_platform/ps7_cortexa9_0/standalone_domain/bsp/system.mss
TRACE::2026-02-14.20:13:58::SCWMssOS::Saving the mss changes C:/Zynq_Book/vitis_workspace/zedboard_platform/ps7_cortexa9_0/standalone_domain/bsp/system.mss
TRACE::2026-02-14.20:13:58::SCWMssOS::Found a swdesign opened with the mssfile.
TRACE::2026-02-14.20:13:58::SCWMssOS::Completed writemss as part of save.
TRACE::2026-02-14.20:13:58::SCWMssOS::Commit changes completed.
TRACE::2026-02-14.20:13:58::SCWPlatform::Trying to open the hw design at C:/Zynq_Book/vitis_workspace/zedboard_platform/hw/milestone_1_wrapper.xsa
TRACE::2026-02-14.20:13:58::SCWPlatform::DSA given C:/Zynq_Book/vitis_workspace/zedboard_platform/hw/milestone_1_wrapper.xsa
TRACE::2026-02-14.20:13:58::SCWPlatform::DSA absoulate path C:/Zynq_Book/vitis_workspace/zedboard_platform/hw/milestone_1_wrapper.xsa
TRACE::2026-02-14.20:13:58::SCWPlatform::DSA directory C:/Zynq_Book/vitis_workspace/zedboard_platform/hw
TRACE::2026-02-14.20:13:58::SCWPlatform:: Platform Path C:/Zynq_Book/vitis_workspace/zedboard_platform/hw/milestone_1_wrapper.xsa
TRACE::2026-02-14.20:13:58::SCWPlatform:: Unique name xilinx:zed::0.0
TRACE::2026-02-14.20:13:58::SCWPlatform::Trying to set the existing hwdb with name design_1_wrapper_0
TRACE::2026-02-14.20:13:58::SCWPlatform::Opened existing hwdb design_1_wrapper_0
TRACE::2026-02-14.20:13:58::SCWPlatform::Found the Hw Db part of the input DSA
TRACE::2026-02-14.20:13:58::SCWMssOS::Checking the sw design at  C:/Zynq_Book/vitis_workspace/zedboard_platform/ps7_cortexa9_0/standalone_domain/bsp/system.mss
TRACE::2026-02-14.20:13:58::SCWMssOS::DEBUG:  swdes dump  C:/Zynq_Book/vitis_workspace/zedboard_platform/ps7_cortexa9_0/standalone_domain/bsp/system.mss|system||

TRACE::2026-02-14.20:13:58::SCWMssOS::Sw design exists and opened at  C:/Zynq_Book/vitis_workspace/zedboard_platform/ps7_cortexa9_0/standalone_domain/bsp/system.mss
TRACE::2026-02-14.20:13:58::SCWPlatform::Trying to open the hw design at C:/Zynq_Book/vitis_workspace/zedboard_platform/hw/milestone_1_wrapper.xsa
TRACE::2026-02-14.20:13:58::SCWPlatform::DSA given C:/Zynq_Book/vitis_workspace/zedboard_platform/hw/milestone_1_wrapper.xsa
TRACE::2026-02-14.20:13:58::SCWPlatform::DSA absoulate path C:/Zynq_Book/vitis_workspace/zedboard_platform/hw/milestone_1_wrapper.xsa
TRACE::2026-02-14.20:13:58::SCWPlatform::DSA directory C:/Zynq_Book/vitis_workspace/zedboard_platform/hw
TRACE::2026-02-14.20:13:58::SCWPlatform:: Platform Path C:/Zynq_Book/vitis_workspace/zedboard_platform/hw/milestone_1_wrapper.xsa
TRACE::2026-02-14.20:13:58::SCWPlatform:: Unique name xilinx:zed::0.0
TRACE::2026-02-14.20:13:58::SCWPlatform::Trying to set the existing hwdb with name design_1_wrapper_0
TRACE::2026-02-14.20:13:58::SCWPlatform::Opened existing hwdb design_1_wrapper_0
TRACE::2026-02-14.20:13:58::SCWPlatform::Found the Hw Db part of the input DSA
TRACE::2026-02-14.20:13:58::SCWMssOS::Checking the sw design at  C:/Zynq_Book/vitis_workspace/zedboard_platform/ps7_cortexa9_0/standalone_domain/bsp/system.mss
TRACE::2026-02-14.20:13:58::SCWMssOS::DEBUG:  swdes dump  C:/Zynq_Book/vitis_workspace/zedboard_platform/ps7_cortexa9_0/standalone_domain/bsp/system.mss|system||

TRACE::2026-02-14.20:13:58::SCWMssOS::Sw design exists and opened at  C:/Zynq_Book/vitis_workspace/zedboard_platform/ps7_cortexa9_0/standalone_domain/bsp/system.mss
TRACE::2026-02-14.20:13:58::SCWPlatform::Trying to open the hw design at C:/Zynq_Book/vitis_workspace/zedboard_platform/hw/milestone_1_wrapper.xsa
TRACE::2026-02-14.20:13:58::SCWPlatform::DSA given C:/Zynq_Book/vitis_workspace/zedboard_platform/hw/milestone_1_wrapper.xsa
TRACE::2026-02-14.20:13:58::SCWPlatform::DSA absoulate path C:/Zynq_Book/vitis_workspace/zedboard_platform/hw/milestone_1_wrapper.xsa
TRACE::2026-02-14.20:13:58::SCWPlatform::DSA directory C:/Zynq_Book/vitis_workspace/zedboard_platform/hw
TRACE::2026-02-14.20:13:58::SCWPlatform:: Platform Path C:/Zynq_Book/vitis_workspace/zedboard_platform/hw/milestone_1_wrapper.xsa
TRACE::2026-02-14.20:13:58::SCWPlatform:: Unique name xilinx:zed::0.0
TRACE::2026-02-14.20:13:58::SCWPlatform::Trying to set the existing hwdb with name design_1_wrapper_0
TRACE::2026-02-14.20:13:58::SCWPlatform::Opened existing hwdb design_1_wrapper_0
TRACE::2026-02-14.20:13:58::SCWPlatform::Found the Hw Db part of the input DSA
TRACE::2026-02-14.20:13:58::SCWMssOS::Checking the sw design at  C:/Zynq_Book/vitis_workspace/zedboard_platform/ps7_cortexa9_0/standalone_domain/bsp/system.mss
TRACE::2026-02-14.20:13:58::SCWMssOS::DEBUG:  swdes dump  C:/Zynq_Book/vitis_workspace/zedboard_platform/ps7_cortexa9_0/standalone_domain/bsp/system.mss|system||

TRACE::2026-02-14.20:13:58::SCWMssOS::Sw design exists and opened at  C:/Zynq_Book/vitis_workspace/zedboard_platform/ps7_cortexa9_0/standalone_domain/bsp/system.mss
TRACE::2026-02-14.20:13:58::SCWWriter::formatted JSON is {
	"platformName":	"zedboard_platform",
	"sprVersion":	"2.0",
	"mode":	"gui",
	"dsaType":	"Fixed",
	"platformDesc":	"zedboard_platform",
	"platHandOff":	"C:/Zynq_Book/vga_tutorial/vga_tutorial/milestone_1_wrapper.xsa",
	"platIntHandOff":	"<platformDir>/hw/milestone_1_wrapper.xsa",
	"deviceType":	"zynq",
	"platIsPrebuiltAutogen":	"false",
	"platIsNoBootBsp":	"true",
	"hasFsblMakeHasChanges":	"false",
	"hasPmufwMakeHasChanges":	"false",
	"platPreBuiltFlag":	false,
	"platformSamplesDir":	"",
	"platActiveSys":	"zedboard_platform",
	"systems":	[{
			"systemName":	"zedboard_platform",
			"systemDesc":	"zedboard_platform",
			"sysIsBootAutoGen":	"true",
			"systemDispName":	"zedboard_platform",
			"sysActiveDom":	"standalone_domain",
			"sysDefaultDom":	"standalone_domain",
			"domains":	[{
					"domainName":	"standalone_domain",
					"domainDispName":	"standalone on ps7_cortexa9_0",
					"domainDesc":	"standalone_domain",
					"processors":	"ps7_cortexa9_0",
					"os":	"standalone",
					"sdxOs":	"standalone",
					"qemuArgs":	"C:/Xilinx/Vitis/2020.2/data/emulation/platforms/zynq/sw/a9_standalone/qemu/qemu_args.txt",
					"qemuData":	"C:/Xilinx/Vitis/2020.2/data/emulation/platforms/zynq/sw/a9_standalone/qemu/",
					"debugEnable":	"False",
					"domRuntimes":	["cpp"],
					"swRepo":	"",
					"mssOsVer":	"7.3",
					"mssFile":	"",
					"md5Digest":	"87dac8935c403fb645452bd32d4e4813",
					"compatibleApp":	"",
					"domType":	"mssDomain",
					"appSettings":	{
						"appCompilerFlags":	"",
						"appLinkerFlags":	""
					},
					"addedLibs":	[],
					"libOptions":	{
						"libsContainingOptions":	[]
					},
					"prebuiltLibs":	{
						"prebuiltIncPath":	[],
						"prebuiltLibPath":	[]
					},
					"isolation":	{
					}
				}]
		}]
}
TRACE::2026-02-14.20:13:58::SCWMssOS::Saving the mss changes C:/Zynq_Book/vitis_workspace/zedboard_platform/ps7_cortexa9_0/standalone_domain/bsp/system.mss
TRACE::2026-02-14.20:13:58::SCWMssOS::Found a swdesign opened with the mssfile.
TRACE::2026-02-14.20:13:58::SCWMssOS::Completed writemss as part of save.
TRACE::2026-02-14.20:13:58::SCWMssOS::Commit changes completed.
TRACE::2026-02-14.20:13:58::SCWPlatform::Trying to open the hw design at C:/Zynq_Book/vitis_workspace/zedboard_platform/hw/milestone_1_wrapper.xsa
TRACE::2026-02-14.20:13:58::SCWPlatform::DSA given C:/Zynq_Book/vitis_workspace/zedboard_platform/hw/milestone_1_wrapper.xsa
TRACE::2026-02-14.20:13:58::SCWPlatform::DSA absoulate path C:/Zynq_Book/vitis_workspace/zedboard_platform/hw/milestone_1_wrapper.xsa
TRACE::2026-02-14.20:13:58::SCWPlatform::DSA directory C:/Zynq_Book/vitis_workspace/zedboard_platform/hw
TRACE::2026-02-14.20:13:58::SCWPlatform:: Platform Path C:/Zynq_Book/vitis_workspace/zedboard_platform/hw/milestone_1_wrapper.xsa
TRACE::2026-02-14.20:13:58::SCWPlatform:: Unique name xilinx:zed::0.0
TRACE::2026-02-14.20:13:58::SCWPlatform::Trying to set the existing hwdb with name design_1_wrapper_0
TRACE::2026-02-14.20:13:58::SCWPlatform::Opened existing hwdb design_1_wrapper_0
TRACE::2026-02-14.20:13:58::SCWPlatform::Found the Hw Db part of the input DSA
TRACE::2026-02-14.20:13:58::SCWMssOS::Checking the sw design at  C:/Zynq_Book/vitis_workspace/zedboard_platform/ps7_cortexa9_0/standalone_domain/bsp/system.mss
TRACE::2026-02-14.20:13:58::SCWMssOS::DEBUG:  swdes dump  C:/Zynq_Book/vitis_workspace/zedboard_platform/ps7_cortexa9_0/standalone_domain/bsp/system.mss|system||

TRACE::2026-02-14.20:13:58::SCWMssOS::Sw design exists and opened at  C:/Zynq_Book/vitis_workspace/zedboard_platform/ps7_cortexa9_0/standalone_domain/bsp/system.mss
TRACE::2026-02-14.20:13:58::SCWPlatform::Trying to open the hw design at C:/Zynq_Book/vitis_workspace/zedboard_platform/hw/milestone_1_wrapper.xsa
TRACE::2026-02-14.20:13:58::SCWPlatform::DSA given C:/Zynq_Book/vitis_workspace/zedboard_platform/hw/milestone_1_wrapper.xsa
TRACE::2026-02-14.20:13:58::SCWPlatform::DSA absoulate path C:/Zynq_Book/vitis_workspace/zedboard_platform/hw/milestone_1_wrapper.xsa
TRACE::2026-02-14.20:13:58::SCWPlatform::DSA directory C:/Zynq_Book/vitis_workspace/zedboard_platform/hw
TRACE::2026-02-14.20:13:58::SCWPlatform:: Platform Path C:/Zynq_Book/vitis_workspace/zedboard_platform/hw/milestone_1_wrapper.xsa
TRACE::2026-02-14.20:13:58::SCWPlatform:: Unique name xilinx:zed::0.0
TRACE::2026-02-14.20:13:58::SCWPlatform::Trying to set the existing hwdb with name design_1_wrapper_0
TRACE::2026-02-14.20:13:58::SCWPlatform::Opened existing hwdb design_1_wrapper_0
TRACE::2026-02-14.20:13:58::SCWPlatform::Found the Hw Db part of the input DSA
TRACE::2026-02-14.20:13:58::SCWMssOS::Checking the sw design at  C:/Zynq_Book/vitis_workspace/zedboard_platform/ps7_cortexa9_0/standalone_domain/bsp/system.mss
TRACE::2026-02-14.20:13:58::SCWMssOS::DEBUG:  swdes dump  C:/Zynq_Book/vitis_workspace/zedboard_platform/ps7_cortexa9_0/standalone_domain/bsp/system.mss|system||

TRACE::2026-02-14.20:13:58::SCWMssOS::Sw design exists and opened at  C:/Zynq_Book/vitis_workspace/zedboard_platform/ps7_cortexa9_0/standalone_domain/bsp/system.mss
TRACE::2026-02-14.20:13:58::SCWPlatform::Trying to open the hw design at C:/Zynq_Book/vitis_workspace/zedboard_platform/hw/milestone_1_wrapper.xsa
TRACE::2026-02-14.20:13:58::SCWPlatform::DSA given C:/Zynq_Book/vitis_workspace/zedboard_platform/hw/milestone_1_wrapper.xsa
TRACE::2026-02-14.20:13:58::SCWPlatform::DSA absoulate path C:/Zynq_Book/vitis_workspace/zedboard_platform/hw/milestone_1_wrapper.xsa
TRACE::2026-02-14.20:13:58::SCWPlatform::DSA directory C:/Zynq_Book/vitis_workspace/zedboard_platform/hw
TRACE::2026-02-14.20:13:58::SCWPlatform:: Platform Path C:/Zynq_Book/vitis_workspace/zedboard_platform/hw/milestone_1_wrapper.xsa
TRACE::2026-02-14.20:13:58::SCWPlatform:: Unique name xilinx:zed::0.0
TRACE::2026-02-14.20:13:58::SCWPlatform::Trying to set the existing hwdb with name design_1_wrapper_0
TRACE::2026-02-14.20:13:58::SCWPlatform::Opened existing hwdb design_1_wrapper_0
TRACE::2026-02-14.20:13:58::SCWPlatform::Found the Hw Db part of the input DSA
TRACE::2026-02-14.20:13:58::SCWMssOS::Checking the sw design at  C:/Zynq_Book/vitis_workspace/zedboard_platform/ps7_cortexa9_0/standalone_domain/bsp/system.mss
TRACE::2026-02-14.20:13:58::SCWMssOS::DEBUG:  swdes dump  C:/Zynq_Book/vitis_workspace/zedboard_platform/ps7_cortexa9_0/standalone_domain/bsp/system.mss|system||

TRACE::2026-02-14.20:13:58::SCWMssOS::Sw design exists and opened at  C:/Zynq_Book/vitis_workspace/zedboard_platform/ps7_cortexa9_0/standalone_domain/bsp/system.mss
TRACE::2026-02-14.20:13:58::SCWWriter::formatted JSON is {
	"platformName":	"zedboard_platform",
	"sprVersion":	"2.0",
	"mode":	"gui",
	"dsaType":	"Fixed",
	"platformDesc":	"zedboard_platform",
	"platHandOff":	"C:/Zynq_Book/vga_tutorial/vga_tutorial/milestone_1_wrapper.xsa",
	"platIntHandOff":	"<platformDir>/hw/milestone_1_wrapper.xsa",
	"deviceType":	"zynq",
	"platIsPrebuiltAutogen":	"false",
	"platIsNoBootBsp":	"true",
	"hasFsblMakeHasChanges":	"false",
	"hasPmufwMakeHasChanges":	"false",
	"platPreBuiltFlag":	false,
	"platformSamplesDir":	"",
	"platActiveSys":	"zedboard_platform",
	"systems":	[{
			"systemName":	"zedboard_platform",
			"systemDesc":	"zedboard_platform",
			"sysIsBootAutoGen":	"true",
			"systemDispName":	"zedboard_platform",
			"sysActiveDom":	"standalone_domain",
			"sysDefaultDom":	"standalone_domain",
			"domains":	[{
					"domainName":	"standalone_domain",
					"domainDispName":	"standalone on ps7_cortexa9_0",
					"domainDesc":	"standalone_domain",
					"processors":	"ps7_cortexa9_0",
					"os":	"standalone",
					"sdxOs":	"standalone",
					"qemuArgs":	"C:/Xilinx/Vitis/2020.2/data/emulation/platforms/zynq/sw/a9_standalone/qemu/qemu_args.txt",
					"qemuData":	"C:/Xilinx/Vitis/2020.2/data/emulation/platforms/zynq/sw/a9_standalone/qemu/",
					"debugEnable":	"False",
					"domRuntimes":	["cpp"],
					"swRepo":	"",
					"mssOsVer":	"7.3",
					"mssFile":	"",
					"md5Digest":	"87dac8935c403fb645452bd32d4e4813",
					"compatibleApp":	"",
					"domType":	"mssDomain",
					"appSettings":	{
						"appCompilerFlags":	"",
						"appLinkerFlags":	""
					},
					"addedLibs":	[],
					"libOptions":	{
						"libsContainingOptions":	[]
					},
					"prebuiltLibs":	{
						"prebuiltIncPath":	[],
						"prebuiltLibPath":	[]
					},
					"isolation":	{
					}
				}]
		}]
}
TRACE::2026-02-14.20:13:58::SCWPlatform::Clearing the existing platform
TRACE::2026-02-14.20:13:58::SCWSystem::Clearing the existing sysconfig
TRACE::2026-02-14.20:13:58::SCWMssOS::Removing the swdes entry for  C:/Zynq_Book/vitis_workspace/zedboard_platform/ps7_cortexa9_0/standalone_domain/bsp/system.mss
TRACE::2026-02-14.20:13:58::SCWSystem::Clearing the domains completed.
TRACE::2026-02-14.20:13:58::SCWPlatform::Clearing the opened hw db.
TRACE::2026-02-14.20:13:58::SCWPlatform::DSA given C:/Zynq_Book/vitis_workspace/zedboard_platform/hw/milestone_1_wrapper.xsa
TRACE::2026-02-14.20:13:58::SCWPlatform::DSA absoulate path C:/Zynq_Book/vitis_workspace/zedboard_platform/hw/milestone_1_wrapper.xsa
TRACE::2026-02-14.20:13:58::SCWPlatform:: Platform location is C:/Zynq_Book/vitis_workspace/zedboard_platform/hw
TRACE::2026-02-14.20:13:58::SCWPlatform:: Platform Path C:/Zynq_Book/vitis_workspace/zedboard_platform/hw/milestone_1_wrapper.xsa
TRACE::2026-02-14.20:13:58::SCWPlatform:: Unique name xilinx:zed::0.0
TRACE::2026-02-14.20:13:58::SCWPlatform::Removing the HwDB with name C:/Zynq_Book/vitis_workspace/zedboard_platform/hw/milestone_1_wrapper.xsa
TRACE::2026-02-14.20:13:58::SCWPlatform::Trying to open the hw design at C:/Zynq_Book/vitis_workspace/zedboard_platform/hw/milestone_1_wrapper.xsa
TRACE::2026-02-14.20:13:58::SCWPlatform::DSA given C:/Zynq_Book/vitis_workspace/zedboard_platform/hw/milestone_1_wrapper.xsa
TRACE::2026-02-14.20:13:58::SCWPlatform::DSA absoulate path C:/Zynq_Book/vitis_workspace/zedboard_platform/hw/milestone_1_wrapper.xsa
TRACE::2026-02-14.20:13:58::SCWPlatform::DSA directory C:/Zynq_Book/vitis_workspace/zedboard_platform/hw
TRACE::2026-02-14.20:13:58::SCWPlatform:: Platform Path C:/Zynq_Book/vitis_workspace/zedboard_platform/hw/milestone_1_wrapper.xsa
TRACE::2026-02-14.20:13:58::SCWPlatform:: Unique name xilinx:zed::0.0
TRACE::2026-02-14.20:13:58::SCWPlatform::Do not have an existing db opened. 
TRACE::2026-02-14.20:14:01::SCWPlatform::Opened new HwDB with name design_1_wrapper_1
TRACE::2026-02-14.20:14:01::SCWReader::Active system found as  zedboard_platform
TRACE::2026-02-14.20:14:01::SCWReader::Handling sysconfig zedboard_platform
TRACE::2026-02-14.20:14:01::SCWDomain::checking for install qemu data   : 
TRACE::2026-02-14.20:14:01::SCWDomain:: Using the QEMU Data from install at  : C:/Xilinx/Vitis/2020.2/data/emulation/platforms/zynq/sw/a9_standalone/qemu/
TRACE::2026-02-14.20:14:01::SCWDomain:: Using the QEMU args  from install at  : C:/Xilinx/Vitis/2020.2/data/emulation/platforms/zynq/sw/a9_standalone/qemu/qemu_args.txt
TRACE::2026-02-14.20:14:01::SCWPlatform::Trying to open the hw design at C:/Zynq_Book/vitis_workspace/zedboard_platform/hw/milestone_1_wrapper.xsa
TRACE::2026-02-14.20:14:01::SCWPlatform::DSA given C:/Zynq_Book/vitis_workspace/zedboard_platform/hw/milestone_1_wrapper.xsa
TRACE::2026-02-14.20:14:01::SCWPlatform::DSA absoulate path C:/Zynq_Book/vitis_workspace/zedboard_platform/hw/milestone_1_wrapper.xsa
TRACE::2026-02-14.20:14:01::SCWPlatform::DSA directory C:/Zynq_Book/vitis_workspace/zedboard_platform/hw
TRACE::2026-02-14.20:14:01::SCWPlatform:: Platform Path C:/Zynq_Book/vitis_workspace/zedboard_platform/hw/milestone_1_wrapper.xsa
TRACE::2026-02-14.20:14:01::SCWPlatform:: Unique name xilinx:zed::0.0
TRACE::2026-02-14.20:14:01::SCWPlatform::Trying to set the existing hwdb with name design_1_wrapper_1
TRACE::2026-02-14.20:14:01::SCWPlatform::Opened existing hwdb design_1_wrapper_1
TRACE::2026-02-14.20:14:01::SCWPlatform::Found the Hw Db part of the input DSA
TRACE::2026-02-14.20:14:01::SCWPlatform::Trying to open the hw design at C:/Zynq_Book/vitis_workspace/zedboard_platform/hw/milestone_1_wrapper.xsa
TRACE::2026-02-14.20:14:01::SCWPlatform::DSA given C:/Zynq_Book/vitis_workspace/zedboard_platform/hw/milestone_1_wrapper.xsa
TRACE::2026-02-14.20:14:01::SCWPlatform::DSA absoulate path C:/Zynq_Book/vitis_workspace/zedboard_platform/hw/milestone_1_wrapper.xsa
TRACE::2026-02-14.20:14:01::SCWPlatform::DSA directory C:/Zynq_Book/vitis_workspace/zedboard_platform/hw
TRACE::2026-02-14.20:14:01::SCWPlatform:: Platform Path C:/Zynq_Book/vitis_workspace/zedboard_platform/hw/milestone_1_wrapper.xsa
TRACE::2026-02-14.20:14:01::SCWPlatform:: Unique name xilinx:zed::0.0
TRACE::2026-02-14.20:14:01::SCWPlatform::Trying to set the existing hwdb with name design_1_wrapper_1
TRACE::2026-02-14.20:14:01::SCWPlatform::Opened existing hwdb design_1_wrapper_1
TRACE::2026-02-14.20:14:01::SCWPlatform::Found the Hw Db part of the input DSA
TRACE::2026-02-14.20:14:01::SCWPlatform::Trying to open the hw design at C:/Zynq_Book/vitis_workspace/zedboard_platform/hw/milestone_1_wrapper.xsa
TRACE::2026-02-14.20:14:01::SCWPlatform::DSA given C:/Zynq_Book/vitis_workspace/zedboard_platform/hw/milestone_1_wrapper.xsa
TRACE::2026-02-14.20:14:01::SCWPlatform::DSA absoulate path C:/Zynq_Book/vitis_workspace/zedboard_platform/hw/milestone_1_wrapper.xsa
TRACE::2026-02-14.20:14:01::SCWPlatform::DSA directory C:/Zynq_Book/vitis_workspace/zedboard_platform/hw
TRACE::2026-02-14.20:14:01::SCWPlatform:: Platform Path C:/Zynq_Book/vitis_workspace/zedboard_platform/hw/milestone_1_wrapper.xsa
TRACE::2026-02-14.20:14:01::SCWPlatform:: Unique name xilinx:zed::0.0
TRACE::2026-02-14.20:14:01::SCWPlatform::Trying to set the existing hwdb with name design_1_wrapper_1
TRACE::2026-02-14.20:14:01::SCWPlatform::Opened existing hwdb design_1_wrapper_1
TRACE::2026-02-14.20:14:01::SCWPlatform::Found the Hw Db part of the input DSA
TRACE::2026-02-14.20:14:01::SCWPlatform::Trying to open the hw design at C:/Zynq_Book/vitis_workspace/zedboard_platform/hw/milestone_1_wrapper.xsa
TRACE::2026-02-14.20:14:01::SCWPlatform::DSA given C:/Zynq_Book/vitis_workspace/zedboard_platform/hw/milestone_1_wrapper.xsa
TRACE::2026-02-14.20:14:01::SCWPlatform::DSA absoulate path C:/Zynq_Book/vitis_workspace/zedboard_platform/hw/milestone_1_wrapper.xsa
TRACE::2026-02-14.20:14:01::SCWPlatform::DSA directory C:/Zynq_Book/vitis_workspace/zedboard_platform/hw
TRACE::2026-02-14.20:14:01::SCWPlatform:: Platform Path C:/Zynq_Book/vitis_workspace/zedboard_platform/hw/milestone_1_wrapper.xsa
TRACE::2026-02-14.20:14:01::SCWPlatform:: Unique name xilinx:zed::0.0
TRACE::2026-02-14.20:14:01::SCWPlatform::Trying to set the existing hwdb with name design_1_wrapper_1
TRACE::2026-02-14.20:14:01::SCWPlatform::Opened existing hwdb design_1_wrapper_1
TRACE::2026-02-14.20:14:01::SCWPlatform::Found the Hw Db part of the input DSA
TRACE::2026-02-14.20:14:01::SCWMssOS::Checking the sw design at  C:/Zynq_Book/vitis_workspace/zedboard_platform/ps7_cortexa9_0/standalone_domain/bsp/system.mss
TRACE::2026-02-14.20:14:01::SCWMssOS::DEBUG:  swdes dump  
TRACE::2026-02-14.20:14:01::SCWMssOS::No sw design opened at  C:/Zynq_Book/vitis_workspace/zedboard_platform/ps7_cortexa9_0/standalone_domain/bsp/system.mss
TRACE::2026-02-14.20:14:01::SCWMssOS::mss exists loading the mss file  C:/Zynq_Book/vitis_workspace/zedboard_platform/ps7_cortexa9_0/standalone_domain/bsp/system.mss
TRACE::2026-02-14.20:14:01::SCWMssOS::Opened the sw design from mss  C:/Zynq_Book/vitis_workspace/zedboard_platform/ps7_cortexa9_0/standalone_domain/bsp/system.mss
TRACE::2026-02-14.20:14:01::SCWMssOS::Adding the swdes entry C:/Zynq_Book/vitis_workspace/zedboard_platform/ps7_cortexa9_0/standalone_domain/bsp/system.mss with des name system
TRACE::2026-02-14.20:14:01::SCWMssOS::updating the scw layer about changes
TRACE::2026-02-14.20:14:01::SCWMssOS::Opened the sw design.  C:/Zynq_Book/vitis_workspace/zedboard_platform/ps7_cortexa9_0/standalone_domain/bsp/system.mss
TRACE::2026-02-14.20:14:01::SCWMssOS::Saving the mss changes C:/Zynq_Book/vitis_workspace/zedboard_platform/ps7_cortexa9_0/standalone_domain/bsp/system.mss
TRACE::2026-02-14.20:14:01::SCWMssOS::Found a swdesign opened with the mssfile.
TRACE::2026-02-14.20:14:01::SCWMssOS::Completed writemss as part of save.
TRACE::2026-02-14.20:14:01::SCWMssOS::Commit changes completed.
TRACE::2026-02-14.20:14:01::SCWReader::Adding prebuilt librarypaths as   
TRACE::2026-02-14.20:14:01::SCWReader::Adding prebuilt incpaths  as   
TRACE::2026-02-14.20:14:01::SCWPlatform::Trying to open the hw design at C:/Zynq_Book/vitis_workspace/zedboard_platform/hw/milestone_1_wrapper.xsa
TRACE::2026-02-14.20:14:01::SCWPlatform::DSA given C:/Zynq_Book/vitis_workspace/zedboard_platform/hw/milestone_1_wrapper.xsa
TRACE::2026-02-14.20:14:01::SCWPlatform::DSA absoulate path C:/Zynq_Book/vitis_workspace/zedboard_platform/hw/milestone_1_wrapper.xsa
TRACE::2026-02-14.20:14:01::SCWPlatform::DSA directory C:/Zynq_Book/vitis_workspace/zedboard_platform/hw
TRACE::2026-02-14.20:14:01::SCWPlatform:: Platform Path C:/Zynq_Book/vitis_workspace/zedboard_platform/hw/milestone_1_wrapper.xsa
TRACE::2026-02-14.20:14:01::SCWPlatform:: Unique name xilinx:zed::0.0
TRACE::2026-02-14.20:14:01::SCWPlatform::Trying to set the existing hwdb with name design_1_wrapper_1
TRACE::2026-02-14.20:14:01::SCWPlatform::Opened existing hwdb design_1_wrapper_1
TRACE::2026-02-14.20:14:01::SCWPlatform::Found the Hw Db part of the input DSA
TRACE::2026-02-14.20:14:01::SCWMssOS::Checking the sw design at  C:/Zynq_Book/vitis_workspace/zedboard_platform/ps7_cortexa9_0/standalone_domain/bsp/system.mss
TRACE::2026-02-14.20:14:01::SCWMssOS::DEBUG:  swdes dump  C:/Zynq_Book/vitis_workspace/zedboard_platform/ps7_cortexa9_0/standalone_domain/bsp/system.mss|system||

TRACE::2026-02-14.20:14:01::SCWMssOS::Sw design exists and opened at  C:/Zynq_Book/vitis_workspace/zedboard_platform/ps7_cortexa9_0/standalone_domain/bsp/system.mss
TRACE::2026-02-14.20:14:01::SCWReader::No isolation master present  
LOG::2026-02-14.20:14:07::SCWPlatform::Started generating the artifacts platform zedboard_platform
TRACE::2026-02-14.20:14:07::SCWPlatform::Sanity checking of platform is completed
LOG::2026-02-14.20:14:07::SCWPlatform::Started generating the artifacts for system configuration zedboard_platform
LOG::2026-02-14.20:14:07::SCWSystem::Checking the domain standalone_domain
LOG::2026-02-14.20:14:07::SCWSystem::Not a boot domain 
LOG::2026-02-14.20:14:07::SCWSystem::Started Processing the domain standalone_domain
TRACE::2026-02-14.20:14:07::SCWDomain::Generating domain artifcats
TRACE::2026-02-14.20:14:07::SCWMssOS::Generating standalone artifcats
TRACE::2026-02-14.20:14:07::SCWMssOS::Copying the qemu file from  C:/Xilinx/Vitis/2020.2/data/emulation/platforms/zynq/sw/a9_standalone/qemu/qemu_args.txt To C:/Zynq_Book/vitis_workspace/zedboard_platform/export/zedboard_platform/sw/zedboard_platform/qemu/
TRACE::2026-02-14.20:14:07::SCWMssOS::Copying the qemu file from  C:/Xilinx/Vitis/2020.2/data/emulation/platforms/zynq/sw/a9_standalone/qemu/qemu_args.txt To C:/Zynq_Book/vitis_workspace/zedboard_platform/export/zedboard_platform/sw/zedboard_platform/standalone_domain/qemu/
TRACE::2026-02-14.20:14:07::SCWMssOS:: Copying the user libraries. 
TRACE::2026-02-14.20:14:07::SCWPlatform::Trying to open the hw design at C:/Zynq_Book/vitis_workspace/zedboard_platform/hw/milestone_1_wrapper.xsa
TRACE::2026-02-14.20:14:07::SCWPlatform::DSA given C:/Zynq_Book/vitis_workspace/zedboard_platform/hw/milestone_1_wrapper.xsa
TRACE::2026-02-14.20:14:07::SCWPlatform::DSA absoulate path C:/Zynq_Book/vitis_workspace/zedboard_platform/hw/milestone_1_wrapper.xsa
TRACE::2026-02-14.20:14:07::SCWPlatform::DSA directory C:/Zynq_Book/vitis_workspace/zedboard_platform/hw
TRACE::2026-02-14.20:14:07::SCWPlatform:: Platform Path C:/Zynq_Book/vitis_workspace/zedboard_platform/hw/milestone_1_wrapper.xsa
TRACE::2026-02-14.20:14:07::SCWPlatform:: Unique name xilinx:zed::0.0
TRACE::2026-02-14.20:14:07::SCWPlatform::Trying to set the existing hwdb with name design_1_wrapper_1
TRACE::2026-02-14.20:14:07::SCWPlatform::Opened existing hwdb design_1_wrapper_1
TRACE::2026-02-14.20:14:07::SCWPlatform::Found the Hw Db part of the input DSA
TRACE::2026-02-14.20:14:07::SCWMssOS::Checking the sw design at  C:/Zynq_Book/vitis_workspace/zedboard_platform/ps7_cortexa9_0/standalone_domain/bsp/system.mss
TRACE::2026-02-14.20:14:07::SCWMssOS::DEBUG:  swdes dump  C:/Zynq_Book/vitis_workspace/zedboard_platform/ps7_cortexa9_0/standalone_domain/bsp/system.mss|system||

TRACE::2026-02-14.20:14:07::SCWMssOS::Sw design exists and opened at  C:/Zynq_Book/vitis_workspace/zedboard_platform/ps7_cortexa9_0/standalone_domain/bsp/system.mss
TRACE::2026-02-14.20:14:07::SCWMssOS::Completed writing the mss file at C:/Zynq_Book/vitis_workspace/zedboard_platform/ps7_cortexa9_0/standalone_domain/bsp
TRACE::2026-02-14.20:14:07::SCWMssOS::Mss edits present, copying mssfile into export location C:/Zynq_Book/vitis_workspace/zedboard_platform/ps7_cortexa9_0/standalone_domain/bsp/system.mss
TRACE::2026-02-14.20:14:07::SCWMssOS::bsp generated is upto date with the mss file. Skipping bsp generation.
TRACE::2026-02-14.20:14:07::SCWMssOS::BSP is already built. skipping the bsp build ... 
TRACE::2026-02-14.20:14:07::SCWDomain::Building the domain as part of full build :  standalone_domain
TRACE::2026-02-14.20:14:07::SCWMssOS::doing bsp build ... 
TRACE::2026-02-14.20:14:07::SCWMssOS::System Command Ran  C: & cd  C:/Zynq_Book/vitis_workspace/zedboard_platform/ps7_cortexa9_0/standalone_domain/bsp & make 
TRACE::2026-02-14.20:14:07::SCWMssOS::make --no-print-directory seq_libs

TRACE::2026-02-14.20:14:07::SCWMssOS::'Finished building libraries sequentially.'

TRACE::2026-02-14.20:14:07::SCWMssOS::make -j --no-print-directory par_libs

TRACE::2026-02-14.20:14:07::SCWMssOS::"Running Make include in ps7_cortexa9_0/libsrc/coresightps_dcc_v1_8/src"

TRACE::2026-02-14.20:14:07::SCWMssOS::make -C ps7_cortexa9_0/libsrc/coresightps_dcc_v1_8/src -s include  "SHELL=CMD" "COMPILER=arm-none-eabi-gcc" "ASSEMBLER=arm-none
TRACE::2026-02-14.20:14:07::SCWMssOS::-eabi-as" "ARCHIVER=arm-none-eabi-ar" "COMPILER_FLAGS=  -O2 -c" "EXTRA_COMPILER_FLAGS=-mcpu=cortex-a9 -mfpu=vfpv3 -mfloat-abi=h
TRACE::2026-02-14.20:14:07::SCWMssOS::ard -nostartfiles -g -Wall -Wextra"

TRACE::2026-02-14.20:14:07::SCWMssOS::"Running Make include in ps7_cortexa9_0/libsrc/cpu_cortexa9_v2_10/src"

TRACE::2026-02-14.20:14:07::SCWMssOS::make -C ps7_cortexa9_0/libsrc/cpu_cortexa9_v2_10/src -s include  "SHELL=CMD" "COMPILER=arm-none-eabi-gcc" "ASSEMBLER=arm-none-e
TRACE::2026-02-14.20:14:07::SCWMssOS::abi-as" "ARCHIVER=arm-none-eabi-ar" "COMPILER_FLAGS=  -O2 -c" "EXTRA_COMPILER_FLAGS=-mcpu=cortex-a9 -mfpu=vfpv3 -mfloat-abi=har
TRACE::2026-02-14.20:14:07::SCWMssOS::d -nostartfiles -g -Wall -Wextra"

TRACE::2026-02-14.20:14:07::SCWMssOS::"Running Make include in ps7_cortexa9_0/libsrc/ddrps_v1_2/src"

TRACE::2026-02-14.20:14:07::SCWMssOS::make -C ps7_cortexa9_0/libsrc/ddrps_v1_2/src -s include  "SHELL=CMD" "COMPILER=arm-none-eabi-gcc" "ASSEMBLER=arm-none-eabi-as" 
TRACE::2026-02-14.20:14:07::SCWMssOS::"ARCHIVER=arm-none-eabi-ar" "COMPILER_FLAGS=  -O2 -c" "EXTRA_COMPILER_FLAGS=-mcpu=cortex-a9 -mfpu=vfpv3 -mfloat-abi=hard -nosta
TRACE::2026-02-14.20:14:07::SCWMssOS::rtfiles -g -Wall -Wextra"

TRACE::2026-02-14.20:14:07::SCWMssOS::"Running Make include in ps7_cortexa9_0/libsrc/devcfg_v3_7/src"

TRACE::2026-02-14.20:14:07::SCWMssOS::make -C ps7_cortexa9_0/libsrc/devcfg_v3_7/src -s include  "SHELL=CMD" "COMPILER=arm-none-eabi-gcc" "ASSEMBLER=arm-none-eabi-as"
TRACE::2026-02-14.20:14:07::SCWMssOS:: "ARCHIVER=arm-none-eabi-ar" "COMPILER_FLAGS=  -O2 -c" "EXTRA_COMPILER_FLAGS=-mcpu=cortex-a9 -mfpu=vfpv3 -mfloat-abi=hard -nost
TRACE::2026-02-14.20:14:07::SCWMssOS::artfiles -g -Wall -Wextra"

TRACE::2026-02-14.20:14:07::SCWMssOS::"Running Make include in ps7_cortexa9_0/libsrc/dmaps_v2_7/src"

TRACE::2026-02-14.20:14:07::SCWMssOS::make -C ps7_cortexa9_0/libsrc/dmaps_v2_7/src -s include  "SHELL=CMD" "COMPILER=arm-none-eabi-gcc" "ASSEMBLER=arm-none-eabi-as" 
TRACE::2026-02-14.20:14:07::SCWMssOS::"ARCHIVER=arm-none-eabi-ar" "COMPILER_FLAGS=  -O2 -c" "EXTRA_COMPILER_FLAGS=-mcpu=cortex-a9 -mfpu=vfpv3 -mfloat-abi=hard -nosta
TRACE::2026-02-14.20:14:07::SCWMssOS::rtfiles -g -Wall -Wextra"

TRACE::2026-02-14.20:14:07::SCWMssOS::"Running Make include in ps7_cortexa9_0/libsrc/emacps_v3_12/src"

TRACE::2026-02-14.20:14:07::SCWMssOS::make -C ps7_cortexa9_0/libsrc/emacps_v3_12/src -s include  "SHELL=CMD" "COMPILER=arm-none-eabi-gcc" "ASSEMBLER=arm-none-eabi-as
TRACE::2026-02-14.20:14:07::SCWMssOS::" "ARCHIVER=arm-none-eabi-ar" "COMPILER_FLAGS=  -O2 -c" "EXTRA_COMPILER_FLAGS=-mcpu=cortex-a9 -mfpu=vfpv3 -mfloat-abi=hard -nos
TRACE::2026-02-14.20:14:07::SCWMssOS::tartfiles -g -Wall -Wextra"

TRACE::2026-02-14.20:14:07::SCWMssOS::"Running Make include in ps7_cortexa9_0/libsrc/gpiops_v3_8/src"

TRACE::2026-02-14.20:14:07::SCWMssOS::make -C ps7_cortexa9_0/libsrc/gpiops_v3_8/src -s include  "SHELL=CMD" "COMPILER=arm-none-eabi-gcc" "ASSEMBLER=arm-none-eabi-as"
TRACE::2026-02-14.20:14:07::SCWMssOS:: "ARCHIVER=arm-none-eabi-ar" "COMPILER_FLAGS=  -O2 -c" "EXTRA_COMPILER_FLAGS=-mcpu=cortex-a9 -mfpu=vfpv3 -mfloat-abi=hard -nost
TRACE::2026-02-14.20:14:07::SCWMssOS::artfiles -g -Wall -Wextra"

TRACE::2026-02-14.20:14:07::SCWMssOS::"Running Make include in ps7_cortexa9_0/libsrc/gpio_v4_7/src"

TRACE::2026-02-14.20:14:07::SCWMssOS::make -C ps7_cortexa9_0/libsrc/gpio_v4_7/src -s include  "SHELL=CMD" "COMPILER=arm-none-eabi-gcc" "ASSEMBLER=arm-none-eabi-as" "
TRACE::2026-02-14.20:14:07::SCWMssOS::ARCHIVER=arm-none-eabi-ar" "COMPILER_FLAGS=  -O2 -c" "EXTRA_COMPILER_FLAGS=-mcpu=cortex-a9 -mfpu=vfpv3 -mfloat-abi=hard -nostar
TRACE::2026-02-14.20:14:07::SCWMssOS::tfiles -g -Wall -Wextra"

TRACE::2026-02-14.20:14:07::SCWMssOS::"Running Make include in ps7_cortexa9_0/libsrc/iicps_v3_12/src"

TRACE::2026-02-14.20:14:07::SCWMssOS::make -C ps7_cortexa9_0/libsrc/iicps_v3_12/src -s include  "SHELL=CMD" "COMPILER=arm-none-eabi-gcc" "ASSEMBLER=arm-none-eabi-as"
TRACE::2026-02-14.20:14:07::SCWMssOS:: "ARCHIVER=arm-none-eabi-ar" "COMPILER_FLAGS=  -O2 -c" "EXTRA_COMPILER_FLAGS=-mcpu=cortex-a9 -mfpu=vfpv3 -mfloat-abi=hard -nost
TRACE::2026-02-14.20:14:07::SCWMssOS::artfiles -g -Wall -Wextra"

TRACE::2026-02-14.20:14:07::SCWMssOS::"Running Make include in ps7_cortexa9_0/libsrc/qspips_v3_8/src"

TRACE::2026-02-14.20:14:07::SCWMssOS::"Running Make include in ps7_cortexa9_0/libsrc/scugic_v4_3/src"

TRACE::2026-02-14.20:14:07::SCWMssOS::make -C ps7_cortexa9_0/libsrc/qspips_v3_8/src -s include  "SHELL=CMD" "COMPILER=arm-none-eabi-gcc" "ASSEMBLER=arm-none-eabi-as"
TRACE::2026-02-14.20:14:07::SCWMssOS:: "ARCHIVER=arm-none-eabi-ar" "COMPILER_FLAGS=  -O2 -c" "EXTRA_COMPILER_FLAGS=-mcpu=cortex-a9 -mfpu=vfpv3 -mfloat-abi=hard -nost
TRACE::2026-02-14.20:14:07::SCWMssOS::artfiles -g -Wall -Wextra"

TRACE::2026-02-14.20:14:07::SCWMssOS::make -C ps7_cortexa9_0/libsrc/scugic_v4_3/src -s include  "SHELL=CMD" "COMPILER=arm-none-eabi-gcc" "ASSEMBLER=arm-none-eabi-as"
TRACE::2026-02-14.20:14:07::SCWMssOS:: "ARCHIVER=arm-none-eabi-ar" "COMPILER_FLAGS=  -O2 -c" "EXTRA_COMPILER_FLAGS=-mcpu=cortex-a9 -mfpu=vfpv3 -mfloat-abi=hard -nost
TRACE::2026-02-14.20:14:07::SCWMssOS::artfiles -g -Wall -Wextra"

TRACE::2026-02-14.20:14:07::SCWMssOS::"Running Make include in ps7_cortexa9_0/libsrc/scutimer_v2_3/src"

TRACE::2026-02-14.20:14:07::SCWMssOS::make -C ps7_cortexa9_0/libsrc/scutimer_v2_3/src -s include  "SHELL=CMD" "COMPILER=arm-none-eabi-gcc" "ASSEMBLER=arm-none-eabi-a
TRACE::2026-02-14.20:14:07::SCWMssOS::s" "ARCHIVER=arm-none-eabi-ar" "COMPILER_FLAGS=  -O2 -c" "EXTRA_COMPILER_FLAGS=-mcpu=cortex-a9 -mfpu=vfpv3 -mfloat-abi=hard -no
TRACE::2026-02-14.20:14:07::SCWMssOS::startfiles -g -Wall -Wextra"

TRACE::2026-02-14.20:14:07::SCWMssOS::"Running Make include in ps7_cortexa9_0/libsrc/scuwdt_v2_3/src"

TRACE::2026-02-14.20:14:07::SCWMssOS::"Running Make include in ps7_cortexa9_0/libsrc/sdps_v3_10/src"

TRACE::2026-02-14.20:14:08::SCWMssOS::make -C ps7_cortexa9_0/libsrc/scuwdt_v2_3/src -s include  "SHELL=CMD" "COMPILER=arm-none-eabi-gcc" "ASSEMBLER=arm-none-eabi-as"
TRACE::2026-02-14.20:14:08::SCWMssOS:: "ARCHIVER=arm-none-eabi-ar" "COMPILER_FLAGS=  -O2 -c" "EXTRA_COMPILER_FLAGS=-mcpu=cortex-a9 -mfpu=vfpv3 -mfloat-abi=hard -nost
TRACE::2026-02-14.20:14:08::SCWMssOS::artfiles -g -Wall -Wextra"

TRACE::2026-02-14.20:14:08::SCWMssOS::make -C ps7_cortexa9_0/libsrc/sdps_v3_10/src -s include  "SHELL=CMD" "COMPILER=arm-none-eabi-gcc" "ASSEMBLER=arm-none-eabi-as" 
TRACE::2026-02-14.20:14:08::SCWMssOS::"ARCHIVER=arm-none-eabi-ar" "COMPILER_FLAGS=  -O2 -c" "EXTRA_COMPILER_FLAGS=-mcpu=cortex-a9 -mfpu=vfpv3 -mfloat-abi=hard -nosta
TRACE::2026-02-14.20:14:08::SCWMssOS::rtfiles -g -Wall -Wextra"

TRACE::2026-02-14.20:14:08::SCWMssOS::"Running Make include in ps7_cortexa9_0/libsrc/standalone_v7_3/src"

TRACE::2026-02-14.20:14:08::SCWMssOS::make -C ps7_cortexa9_0/libsrc/standalone_v7_3/src -s include  "SHELL=CMD" "COMPILER=arm-none-eabi-gcc" "ASSEMBLER=arm-none-eabi
TRACE::2026-02-14.20:14:08::SCWMssOS::-as" "ARCHIVER=arm-none-eabi-ar" "COMPILER_FLAGS=  -O2 -c" "EXTRA_COMPILER_FLAGS=-mcpu=cortex-a9 -mfpu=vfpv3 -mfloat-abi=hard -
TRACE::2026-02-14.20:14:08::SCWMssOS::nostartfiles -g -Wall -Wextra"

TRACE::2026-02-14.20:14:08::SCWMssOS::"Running Make include in ps7_cortexa9_0/libsrc/tmrctr_v4_7/src"

TRACE::2026-02-14.20:14:08::SCWMssOS::"Running Make include in ps7_cortexa9_0/libsrc/ttcps_v3_12/src"

TRACE::2026-02-14.20:14:08::SCWMssOS::make -C ps7_cortexa9_0/libsrc/tmrctr_v4_7/src -s include  "SHELL=CMD" "COMPILER=arm-none-eabi-gcc" "ASSEMBLER=arm-none-eabi-as"
TRACE::2026-02-14.20:14:08::SCWMssOS:: "ARCHIVER=arm-none-eabi-ar" "COMPILER_FLAGS=  -O2 -c" "EXTRA_COMPILER_FLAGS=-mcpu=cortex-a9 -mfpu=vfpv3 -mfloat-abi=hard -nost
TRACE::2026-02-14.20:14:08::SCWMssOS::artfiles -g -Wall -Wextra"

TRACE::2026-02-14.20:14:08::SCWMssOS::make -C ps7_cortexa9_0/libsrc/ttcps_v3_12/src -s include  "SHELL=CMD" "COMPILER=arm-none-eabi-gcc" "ASSEMBLER=arm-none-eabi-as"
TRACE::2026-02-14.20:14:08::SCWMssOS:: "ARCHIVER=arm-none-eabi-ar" "COMPILER_FLAGS=  -O2 -c" "EXTRA_COMPILER_FLAGS=-mcpu=cortex-a9 -mfpu=vfpv3 -mfloat-abi=hard -nost
TRACE::2026-02-14.20:14:08::SCWMssOS::artfiles -g -Wall -Wextra"

TRACE::2026-02-14.20:14:08::SCWMssOS::"Running Make include in ps7_cortexa9_0/libsrc/uartps_v3_10/src"

TRACE::2026-02-14.20:14:08::SCWMssOS::make -C ps7_cortexa9_0/libsrc/uartps_v3_10/src -s include  "SHELL=CMD" "COMPILER=arm-none-eabi-gcc" "ASSEMBLER=arm-none-eabi-as
TRACE::2026-02-14.20:14:08::SCWMssOS::" "ARCHIVER=arm-none-eabi-ar" "COMPILER_FLAGS=  -O2 -c" "EXTRA_COMPILER_FLAGS=-mcpu=cortex-a9 -mfpu=vfpv3 -mfloat-abi=hard -nos
TRACE::2026-02-14.20:14:08::SCWMssOS::tartfiles -g -Wall -Wextra"

TRACE::2026-02-14.20:14:08::SCWMssOS::"Running Make include in ps7_cortexa9_0/libsrc/usbps_v2_6/src"

TRACE::2026-02-14.20:14:08::SCWMssOS::make -C ps7_cortexa9_0/libsrc/usbps_v2_6/src -s include  "SHELL=CMD" "COMPILER=arm-none-eabi-gcc" "ASSEMBLER=arm-none-eabi-as" 
TRACE::2026-02-14.20:14:08::SCWMssOS::"ARCHIVER=arm-none-eabi-ar" "COMPILER_FLAGS=  -O2 -c" "EXTRA_COMPILER_FLAGS=-mcpu=cortex-a9 -mfpu=vfpv3 -mfloat-abi=hard -nosta
TRACE::2026-02-14.20:14:08::SCWMssOS::rtfiles -g -Wall -Wextra"

TRACE::2026-02-14.20:14:08::SCWMssOS::"Running Make include in ps7_cortexa9_0/libsrc/xadcps_v2_5/src"

TRACE::2026-02-14.20:14:08::SCWMssOS::make -C ps7_cortexa9_0/libsrc/xadcps_v2_5/src -s include  "SHELL=CMD" "COMPILER=arm-none-eabi-gcc" "ASSEMBLER=arm-none-eabi-as"
TRACE::2026-02-14.20:14:08::SCWMssOS:: "ARCHIVER=arm-none-eabi-ar" "COMPILER_FLAGS=  -O2 -c" "EXTRA_COMPILER_FLAGS=-mcpu=cortex-a9 -mfpu=vfpv3 -mfloat-abi=hard -nost
TRACE::2026-02-14.20:14:08::SCWMssOS::artfiles -g -Wall -Wextra"

TRACE::2026-02-14.20:14:08::SCWMssOS::"Running Make libs in ps7_cortexa9_0/libsrc/coresightps_dcc_v1_8/src"

TRACE::2026-02-14.20:14:08::SCWMssOS::make -C ps7_cortexa9_0/libsrc/coresightps_dcc_v1_8/src -s libs  "SHELL=CMD" "COMPILER=arm-none-eabi-gcc" "ASSEMBLER=arm-none-ea
TRACE::2026-02-14.20:14:08::SCWMssOS::bi-as" "ARCHIVER=arm-none-eabi-ar" "COMPILER_FLAGS=  -O2 -c" "EXTRA_COMPILER_FLAGS=-mcpu=cortex-a9 -mfpu=vfpv3 -mfloat-abi=hard
TRACE::2026-02-14.20:14:08::SCWMssOS:: -nostartfiles -g -Wall -Wextra"

TRACE::2026-02-14.20:14:08::SCWMssOS::"Running Make libs in ps7_cortexa9_0/libsrc/cpu_cortexa9_v2_10/src"

TRACE::2026-02-14.20:14:08::SCWMssOS::make -C ps7_cortexa9_0/libsrc/cpu_cortexa9_v2_10/src -s libs  "SHELL=CMD" "COMPILER=arm-none-eabi-gcc" "ASSEMBLER=arm-none-eabi
TRACE::2026-02-14.20:14:08::SCWMssOS::-as" "ARCHIVER=arm-none-eabi-ar" "COMPILER_FLAGS=  -O2 -c" "EXTRA_COMPILER_FLAGS=-mcpu=cortex-a9 -mfpu=vfpv3 -mfloat-abi=hard -
TRACE::2026-02-14.20:14:08::SCWMssOS::nostartfiles -g -Wall -Wextra"

TRACE::2026-02-14.20:14:08::SCWMssOS::"Running Make libs in ps7_cortexa9_0/libsrc/ddrps_v1_2/src"

TRACE::2026-02-14.20:14:08::SCWMssOS::make -C ps7_cortexa9_0/libsrc/ddrps_v1_2/src -s libs  "SHELL=CMD" "COMPILER=arm-none-eabi-gcc" "ASSEMBLER=arm-none-eabi-as" "AR
TRACE::2026-02-14.20:14:08::SCWMssOS::CHIVER=arm-none-eabi-ar" "COMPILER_FLAGS=  -O2 -c" "EXTRA_COMPILER_FLAGS=-mcpu=cortex-a9 -mfpu=vfpv3 -mfloat-abi=hard -nostartf
TRACE::2026-02-14.20:14:08::SCWMssOS::iles -g -Wall -Wextra"

TRACE::2026-02-14.20:14:09::SCWMssOS::"Running Make libs in ps7_cortexa9_0/libsrc/devcfg_v3_7/src"

TRACE::2026-02-14.20:14:09::SCWMssOS::make -C ps7_cortexa9_0/libsrc/devcfg_v3_7/src -s libs  "SHELL=CMD" "COMPILER=arm-none-eabi-gcc" "ASSEMBLER=arm-none-eabi-as" "A
TRACE::2026-02-14.20:14:09::SCWMssOS::RCHIVER=arm-none-eabi-ar" "COMPILER_FLAGS=  -O2 -c" "EXTRA_COMPILER_FLAGS=-mcpu=cortex-a9 -mfpu=vfpv3 -mfloat-abi=hard -nostart
TRACE::2026-02-14.20:14:09::SCWMssOS::files -g -Wall -Wextra"

TRACE::2026-02-14.20:14:09::SCWMssOS::"Running Make libs in ps7_cortexa9_0/libsrc/dmaps_v2_7/src"

TRACE::2026-02-14.20:14:09::SCWMssOS::make -C ps7_cortexa9_0/libsrc/dmaps_v2_7/src -s libs  "SHELL=CMD" "COMPILER=arm-none-eabi-gcc" "ASSEMBLER=arm-none-eabi-as" "AR
TRACE::2026-02-14.20:14:09::SCWMssOS::CHIVER=arm-none-eabi-ar" "COMPILER_FLAGS=  -O2 -c" "EXTRA_COMPILER_FLAGS=-mcpu=cortex-a9 -mfpu=vfpv3 -mfloat-abi=hard -nostartf
TRACE::2026-02-14.20:14:09::SCWMssOS::iles -g -Wall -Wextra"

TRACE::2026-02-14.20:14:09::SCWMssOS::"Running Make libs in ps7_cortexa9_0/libsrc/emacps_v3_12/src"

TRACE::2026-02-14.20:14:09::SCWMssOS::make -C ps7_cortexa9_0/libsrc/emacps_v3_12/src -s libs  "SHELL=CMD" "COMPILER=arm-none-eabi-gcc" "ASSEMBLER=arm-none-eabi-as" "
TRACE::2026-02-14.20:14:09::SCWMssOS::ARCHIVER=arm-none-eabi-ar" "COMPILER_FLAGS=  -O2 -c" "EXTRA_COMPILER_FLAGS=-mcpu=cortex-a9 -mfpu=vfpv3 -mfloat-abi=hard -nostar
TRACE::2026-02-14.20:14:09::SCWMssOS::tfiles -g -Wall -Wextra"

TRACE::2026-02-14.20:14:09::SCWMssOS::"Running Make libs in ps7_cortexa9_0/libsrc/gpiops_v3_8/src"

TRACE::2026-02-14.20:14:09::SCWMssOS::"Running Make libs in ps7_cortexa9_0/libsrc/gpio_v4_7/src"

TRACE::2026-02-14.20:14:09::SCWMssOS::make -C ps7_cortexa9_0/libsrc/gpiops_v3_8/src -s libs  "SHELL=CMD" "COMPILER=arm-none-eabi-gcc" "ASSEMBLER=arm-none-eabi-as" "A
TRACE::2026-02-14.20:14:09::SCWMssOS::RCHIVER=arm-none-eabi-ar" "COMPILER_FLAGS=  -O2 -c" "EXTRA_COMPILER_FLAGS=-mcpu=cortex-a9 -mfpu=vfpv3 -mfloat-abi=hard -nostart
TRACE::2026-02-14.20:14:09::SCWMssOS::files -g -Wall -Wextra"

TRACE::2026-02-14.20:14:09::SCWMssOS::make -C ps7_cortexa9_0/libsrc/gpio_v4_7/src -s libs  "SHELL=CMD" "COMPILER=arm-none-eabi-gcc" "ASSEMBLER=arm-none-eabi-as" "ARC
TRACE::2026-02-14.20:14:09::SCWMssOS::HIVER=arm-none-eabi-ar" "COMPILER_FLAGS=  -O2 -c" "EXTRA_COMPILER_FLAGS=-mcpu=cortex-a9 -mfpu=vfpv3 -mfloat-abi=hard -nostartfi
TRACE::2026-02-14.20:14:09::SCWMssOS::les -g -Wall -Wextra"

TRACE::2026-02-14.20:14:09::SCWMssOS::"Running Make libs in ps7_cortexa9_0/libsrc/iicps_v3_12/src"

TRACE::2026-02-14.20:14:09::SCWMssOS::make -C ps7_cortexa9_0/libsrc/iicps_v3_12/src -s libs  "SHELL=CMD" "COMPILER=arm-none-eabi-gcc" "ASSEMBLER=arm-none-eabi-as" "A
TRACE::2026-02-14.20:14:09::SCWMssOS::RCHIVER=arm-none-eabi-ar" "COMPILER_FLAGS=  -O2 -c" "EXTRA_COMPILER_FLAGS=-mcpu=cortex-a9 -mfpu=vfpv3 -mfloat-abi=hard -nostart
TRACE::2026-02-14.20:14:09::SCWMssOS::files -g -Wall -Wextra"

TRACE::2026-02-14.20:14:09::SCWMssOS::"Running Make libs in ps7_cortexa9_0/libsrc/qspips_v3_8/src"

TRACE::2026-02-14.20:14:09::SCWMssOS::make -C ps7_cortexa9_0/libsrc/qspips_v3_8/src -s libs  "SHELL=CMD" "COMPILER=arm-none-eabi-gcc" "ASSEMBLER=arm-none-eabi-as" "A
TRACE::2026-02-14.20:14:09::SCWMssOS::RCHIVER=arm-none-eabi-ar" "COMPILER_FLAGS=  -O2 -c" "EXTRA_COMPILER_FLAGS=-mcpu=cortex-a9 -mfpu=vfpv3 -mfloat-abi=hard -nostart
TRACE::2026-02-14.20:14:09::SCWMssOS::files -g -Wall -Wextra"

TRACE::2026-02-14.20:14:09::SCWMssOS::"Running Make libs in ps7_cortexa9_0/libsrc/scugic_v4_3/src"

TRACE::2026-02-14.20:14:09::SCWMssOS::make -C ps7_cortexa9_0/libsrc/scugic_v4_3/src -s libs  "SHELL=CMD" "COMPILER=arm-none-eabi-gcc" "ASSEMBLER=arm-none-eabi-as" "A
TRACE::2026-02-14.20:14:09::SCWMssOS::RCHIVER=arm-none-eabi-ar" "COMPILER_FLAGS=  -O2 -c" "EXTRA_COMPILER_FLAGS=-mcpu=cortex-a9 -mfpu=vfpv3 -mfloat-abi=hard -nostart
TRACE::2026-02-14.20:14:09::SCWMssOS::files -g -Wall -Wextra"

TRACE::2026-02-14.20:14:09::SCWMssOS::"Running Make libs in ps7_cortexa9_0/libsrc/standalone_v7_3/src"

TRACE::2026-02-14.20:14:09::SCWMssOS::make -C ps7_cortexa9_0/libsrc/standalone_v7_3/src -s libs  "SHELL=CMD" "COMPILER=arm-none-eabi-gcc" "ASSEMBLER=arm-none-eabi-as
TRACE::2026-02-14.20:14:09::SCWMssOS::" "ARCHIVER=arm-none-eabi-ar" "COMPILER_FLAGS=  -O2 -c" "EXTRA_COMPILER_FLAGS=-mcpu=cortex-a9 -mfpu=vfpv3 -mfloat-abi=hard -nos
TRACE::2026-02-14.20:14:09::SCWMssOS::tartfiles -g -Wall -Wextra"

TRACE::2026-02-14.20:14:09::SCWMssOS::"Running Make libs in ps7_cortexa9_0/libsrc/scutimer_v2_3/src"

TRACE::2026-02-14.20:14:09::SCWMssOS::make -C ps7_cortexa9_0/libsrc/scutimer_v2_3/src -s libs  "SHELL=CMD" "COMPILER=arm-none-eabi-gcc" "ASSEMBLER=arm-none-eabi-as" 
TRACE::2026-02-14.20:14:09::SCWMssOS::"ARCHIVER=arm-none-eabi-ar" "COMPILER_FLAGS=  -O2 -c" "EXTRA_COMPILER_FLAGS=-mcpu=cortex-a9 -mfpu=vfpv3 -mfloat-abi=hard -nosta
TRACE::2026-02-14.20:14:09::SCWMssOS::rtfiles -g -Wall -Wextra"

TRACE::2026-02-14.20:14:09::SCWMssOS::"Running Make libs in ps7_cortexa9_0/libsrc/sdps_v3_10/src"

TRACE::2026-02-14.20:14:09::SCWMssOS::make -C ps7_cortexa9_0/libsrc/sdps_v3_10/src -s libs  "SHELL=CMD" "COMPILER=arm-none-eabi-gcc" "ASSEMBLER=arm-none-eabi-as" "AR
TRACE::2026-02-14.20:14:09::SCWMssOS::CHIVER=arm-none-eabi-ar" "COMPILER_FLAGS=  -O2 -c" "EXTRA_COMPILER_FLAGS=-mcpu=cortex-a9 -mfpu=vfpv3 -mfloat-abi=hard -nostartf
TRACE::2026-02-14.20:14:09::SCWMssOS::iles -g -Wall -Wextra"

TRACE::2026-02-14.20:14:09::SCWMssOS::"Running Make libs in ps7_cortexa9_0/libsrc/ttcps_v3_12/src"

TRACE::2026-02-14.20:14:09::SCWMssOS::make -C ps7_cortexa9_0/libsrc/ttcps_v3_12/src -s libs  "SHELL=CMD" "COMPILER=arm-none-eabi-gcc" "ASSEMBLER=arm-none-eabi-as" "A
TRACE::2026-02-14.20:14:09::SCWMssOS::RCHIVER=arm-none-eabi-ar" "COMPILER_FLAGS=  -O2 -c" "EXTRA_COMPILER_FLAGS=-mcpu=cortex-a9 -mfpu=vfpv3 -mfloat-abi=hard -nostart
TRACE::2026-02-14.20:14:09::SCWMssOS::files -g -Wall -Wextra"

TRACE::2026-02-14.20:14:09::SCWMssOS::"Running Make libs in ps7_cortexa9_0/libsrc/usbps_v2_6/src"

TRACE::2026-02-14.20:14:09::SCWMssOS::make -C ps7_cortexa9_0/libsrc/usbps_v2_6/src -s libs  "SHELL=CMD" "COMPILER=arm-none-eabi-gcc" "ASSEMBLER=arm-none-eabi-as" "AR
TRACE::2026-02-14.20:14:09::SCWMssOS::CHIVER=arm-none-eabi-ar" "COMPILER_FLAGS=  -O2 -c" "EXTRA_COMPILER_FLAGS=-mcpu=cortex-a9 -mfpu=vfpv3 -mfloat-abi=hard -nostartf
TRACE::2026-02-14.20:14:09::SCWMssOS::iles -g -Wall -Wextra"

TRACE::2026-02-14.20:14:10::SCWMssOS::"Running Make libs in ps7_cortexa9_0/libsrc/tmrctr_v4_7/src"

TRACE::2026-02-14.20:14:10::SCWMssOS::"Running Make libs in ps7_cortexa9_0/libsrc/scuwdt_v2_3/src"

TRACE::2026-02-14.20:14:10::SCWMssOS::"Running Make libs in ps7_cortexa9_0/libsrc/xadcps_v2_5/src"

TRACE::2026-02-14.20:14:10::SCWMssOS::"Running Make libs in ps7_cortexa9_0/libsrc/uartps_v3_10/src"

TRACE::2026-02-14.20:14:10::SCWMssOS::make -C ps7_cortexa9_0/libsrc/scuwdt_v2_3/src -s libs  "SHELL=CMD" "COMPILER=arm-none-eabi-gcc" "ASSEMBLER=arm-none-eabi-as" "A
TRACE::2026-02-14.20:14:10::SCWMssOS::RCHIVER=arm-none-eabi-ar" "COMPILER_FLAGS=  -O2 -c" "EXTRA_COMPILER_FLAGS=-mcpu=cortex-a9 -mfpu=vfpv3 -mfloat-abi=hard -nostart
TRACE::2026-02-14.20:14:10::SCWMssOS::files -g -Wall -Wextra"

TRACE::2026-02-14.20:14:10::SCWMssOS::make -C ps7_cortexa9_0/libsrc/tmrctr_v4_7/src -s libs  "SHELL=CMD" "COMPILER=arm-none-eabi-gcc" "ASSEMBLER=arm-none-eabi-as" "A
TRACE::2026-02-14.20:14:10::SCWMssOS::RCHIVER=arm-none-eabi-ar" "COMPILER_FLAGS=  -O2 -c" "EXTRA_COMPILER_FLAGS=-mcpu=cortex-a9 -mfpu=vfpv3 -mfloat-abi=hard -nostart
TRACE::2026-02-14.20:14:10::SCWMssOS::files -g -Wall -Wextra"

TRACE::2026-02-14.20:14:10::SCWMssOS::make -C ps7_cortexa9_0/libsrc/uartps_v3_10/src -s libs  "SHELL=CMD" "COMPILER=arm-none-eabi-gcc" "ASSEMBLER=arm-none-eabi-as" "
TRACE::2026-02-14.20:14:10::SCWMssOS::ARCHIVER=arm-none-eabi-ar" "COMPILER_FLAGS=  -O2 -c" "EXTRA_COMPILER_FLAGS=-mcpu=cortex-a9 -mfpu=vfpv3 -mfloat-abi=hard -nostar
TRACE::2026-02-14.20:14:10::SCWMssOS::tfiles -g -Wall -Wextra"

TRACE::2026-02-14.20:14:10::SCWMssOS::make -C ps7_cortexa9_0/libsrc/xadcps_v2_5/src -s libs  "SHELL=CMD" "COMPILER=arm-none-eabi-gcc" "ASSEMBLER=arm-none-eabi-as" "A
TRACE::2026-02-14.20:14:10::SCWMssOS::RCHIVER=arm-none-eabi-ar" "COMPILER_FLAGS=  -O2 -c" "EXTRA_COMPILER_FLAGS=-mcpu=cortex-a9 -mfpu=vfpv3 -mfloat-abi=hard -nostart
TRACE::2026-02-14.20:14:10::SCWMssOS::files -g -Wall -Wextra"

TRACE::2026-02-14.20:14:14::SCWMssOS::'Finished building libraries parallelly.'

TRACE::2026-02-14.20:14:14::SCWMssOS::make --no-print-directory archive

TRACE::2026-02-14.20:14:14::SCWMssOS::arm-none-eabi-ar -r  ps7_cortexa9_0/lib/libxil.a ps7_cortexa9_0/lib/xadcps_selftest.o ps7_cortexa9_0/lib/xplatform_info.o ps7_c
TRACE::2026-02-14.20:14:14::SCWMssOS::ortexa9_0/lib/xil_mem.o ps7_cortexa9_0/lib/xtmrctr_options.o ps7_cortexa9_0/lib/_exit.o ps7_cortexa9_0/lib/isatty.o ps7_cortexa
TRACE::2026-02-14.20:14:14::SCWMssOS::9_0/lib/xusbps_sinit.o ps7_cortexa9_0/lib/xdevcfg_hw.o ps7_cortexa9_0/lib/xil_sleeptimer.o ps7_cortexa9_0/lib/xgpio_sinit.o ps7
TRACE::2026-02-14.20:14:14::SCWMssOS::_cortexa9_0/lib/xqspips_options.o ps7_cortexa9_0/lib/xdmaps_g.o ps7_cortexa9_0/lib/xscutimer_g.o ps7_cortexa9_0/lib/xsdps_optio
TRACE::2026-02-14.20:14:14::SCWMssOS::ns.o ps7_cortexa9_0/lib/xil_misc_psreset_api.o ps7_cortexa9_0/lib/xdmaps_sinit.o ps7_cortexa9_0/lib/xscutimer_sinit.o ps7_corte
TRACE::2026-02-14.20:14:14::SCWMssOS::xa9_0/lib/xemacps_hw.o ps7_cortexa9_0/lib/inbyte.o ps7_cortexa9_0/lib/xdmaps_selftest.o ps7_cortexa9_0/lib/xscutimer_selftest.o
TRACE::2026-02-14.20:14:14::SCWMssOS:: ps7_cortexa9_0/lib/putnum.o ps7_cortexa9_0/lib/xttcps_selftest.o ps7_cortexa9_0/lib/xqspips_hw.o ps7_cortexa9_0/lib/xgpiops_g.
TRACE::2026-02-14.20:14:14::SCWMssOS::o ps7_cortexa9_0/lib/xsdps.o ps7_cortexa9_0/lib/close.o ps7_cortexa9_0/lib/xemacps_g.o ps7_cortexa9_0/lib/xgpiops_sinit.o ps7_c
TRACE::2026-02-14.20:14:14::SCWMssOS::ortexa9_0/lib/xgpiops_selftest.o ps7_cortexa9_0/lib/xgpio_g.o ps7_cortexa9_0/lib/xscuwdt.o ps7_cortexa9_0/lib/xil_clocking.o ps
TRACE::2026-02-14.20:14:14::SCWMssOS::7_cortexa9_0/lib/xiicps_intr.o ps7_cortexa9_0/lib/xuartps_sinit.o ps7_cortexa9_0/lib/xgpio_selftest.o ps7_cortexa9_0/lib/xiicps
TRACE::2026-02-14.20:14:14::SCWMssOS::_slave.o ps7_cortexa9_0/lib/xil_printf.o ps7_cortexa9_0/lib/kill.o ps7_cortexa9_0/lib/xiicps_g.o ps7_cortexa9_0/lib/xadcps.o ps
TRACE::2026-02-14.20:14:14::SCWMssOS::7_cortexa9_0/lib/xiicps_options.o ps7_cortexa9_0/lib/xuartps_g.o ps7_cortexa9_0/lib/outbyte.o ps7_cortexa9_0/lib/lseek.o ps7_co
TRACE::2026-02-14.20:14:14::SCWMssOS::rtexa9_0/lib/xgpiops.o ps7_cortexa9_0/lib/xl2cc_counter.o ps7_cortexa9_0/lib/xiicps_hw.o ps7_cortexa9_0/lib/asm_vectors.o ps7_c
TRACE::2026-02-14.20:14:14::SCWMssOS::ortexa9_0/lib/abort.o ps7_cortexa9_0/lib/xdevcfg_g.o ps7_cortexa9_0/lib/getpid.o ps7_cortexa9_0/lib/xil_testcache.o ps7_cortexa
TRACE::2026-02-14.20:14:14::SCWMssOS::9_0/lib/xdevcfg_sinit.o ps7_cortexa9_0/lib/xdmaps.o ps7_cortexa9_0/lib/xscutimer.o ps7_cortexa9_0/lib/xdevcfg_selftest.o ps7_co
TRACE::2026-02-14.20:14:14::SCWMssOS::rtexa9_0/lib/xttcps.o ps7_cortexa9_0/lib/xpm_counter.o ps7_cortexa9_0/lib/xiicps.o ps7_cortexa9_0/lib/xtmrctr_sinit.o ps7_corte
TRACE::2026-02-14.20:14:14::SCWMssOS::xa9_0/lib/xiicps_master.o ps7_cortexa9_0/lib/xqspips_g.o ps7_cortexa9_0/lib/xemacps_bdring.o ps7_cortexa9_0/lib/xusbps_endpoint
TRACE::2026-02-14.20:14:14::SCWMssOS::.o ps7_cortexa9_0/lib/xusbps_g.o ps7_cortexa9_0/lib/xsdps_sinit.o ps7_cortexa9_0/lib/xuartps_selftest.o ps7_cortexa9_0/lib/xqsp
TRACE::2026-02-14.20:14:14::SCWMssOS::ips_selftest.o ps7_cortexa9_0/lib/xil_exception.o ps7_cortexa9_0/lib/sbrk.o ps7_cortexa9_0/lib/xil_testmem.o ps7_cortexa9_0/lib
TRACE::2026-02-14.20:14:14::SCWMssOS::/xusbps.o ps7_cortexa9_0/lib/xemacps_control.o ps7_cortexa9_0/lib/xdevcfg.o ps7_cortexa9_0/lib/open.o ps7_cortexa9_0/lib/xscugi
TRACE::2026-02-14.20:14:14::SCWMssOS::c_intr.o ps7_cortexa9_0/lib/xil_assert.o ps7_cortexa9_0/lib/xusbps_intr.o ps7_cortexa9_0/lib/xsdps_host.o ps7_cortexa9_0/lib/xc
TRACE::2026-02-14.20:14:14::SCWMssOS::oresightpsdcc.o ps7_cortexa9_0/lib/xiicps_xfer.o ps7_cortexa9_0/lib/xscugic_hw.o ps7_cortexa9_0/lib/sleep.o ps7_cortexa9_0/lib/
TRACE::2026-02-14.20:14:14::SCWMssOS::cpputest_time.o ps7_cortexa9_0/lib/_open.o ps7_cortexa9_0/lib/fcntl.o ps7_cortexa9_0/lib/xttcps_options.o ps7_cortexa9_0/lib/pr
TRACE::2026-02-14.20:14:14::SCWMssOS::int.o ps7_cortexa9_0/lib/read.o ps7_cortexa9_0/lib/_sbrk.o ps7_cortexa9_0/lib/xadcps_intr.o ps7_cortexa9_0/lib/xqspips.o ps7_co
TRACE::2026-02-14.20:14:14::SCWMssOS::rtexa9_0/lib/xemacps.o ps7_cortexa9_0/lib/xil_cache.o ps7_cortexa9_0/lib/xil_testio.o ps7_cortexa9_0/lib/unlink.o ps7_cortexa9_
TRACE::2026-02-14.20:14:14::SCWMssOS::0/lib/xtmrctr_selftest.o ps7_cortexa9_0/lib/translation_table.o ps7_cortexa9_0/lib/xusbps_hw.o ps7_cortexa9_0/lib/write.o ps7_c
TRACE::2026-02-14.20:14:14::SCWMssOS::ortexa9_0/lib/xil_mmu.o ps7_cortexa9_0/lib/boot.o ps7_cortexa9_0/lib/xiicps_selftest.o ps7_cortexa9_0/lib/cpu_init.o ps7_cortex
TRACE::2026-02-14.20:14:14::SCWMssOS::a9_0/lib/usleep.o ps7_cortexa9_0/lib/xil_sleepcommon.o ps7_cortexa9_0/lib/xgpiops_intr.o ps7_cortexa9_0/lib/xscugic_sinit.o ps7
TRACE::2026-02-14.20:14:14::SCWMssOS::_cortexa9_0/lib/xscugic_selftest.o ps7_cortexa9_0/lib/xuartps_hw.o ps7_cortexa9_0/lib/xgpio_intr.o ps7_cortexa9_0/lib/xttcps_g.
TRACE::2026-02-14.20:14:14::SCWMssOS::o ps7_cortexa9_0/lib/xtime_l.o ps7_cortexa9_0/lib/xtmrctr.o ps7_cortexa9_0/lib/xemacps_sinit.o ps7_cortexa9_0/lib/xil_util.o ps
TRACE::2026-02-14.20:14:14::SCWMssOS::7_cortexa9_0/lib/xuartps_intr.o ps7_cortexa9_0/lib/xuartps.o ps7_cortexa9_0/lib/xsdps_card.o ps7_cortexa9_0/lib/xtmrctr_g.o ps7
TRACE::2026-02-14.20:14:14::SCWMssOS::_cortexa9_0/lib/xdmaps_hw.o ps7_cortexa9_0/lib/xttcps_sinit.o ps7_cortexa9_0/lib/xgpiops_hw.o ps7_cortexa9_0/lib/xsdps_g.o ps7_
TRACE::2026-02-14.20:14:14::SCWMssOS::cortexa9_0/lib/fstat.o ps7_cortexa9_0/lib/errno.o ps7_cortexa9_0/lib/xgpio.o ps7_cortexa9_0/lib/xdevcfg_intr.o ps7_cortexa9_0/l
TRACE::2026-02-14.20:14:14::SCWMssOS::ib/xuartps_options.o ps7_cortexa9_0/lib/vectors.o ps7_cortexa9_0/lib/xtmrctr_l.o ps7_cortexa9_0/lib/xscuwdt_g.o ps7_cortexa9_0/
TRACE::2026-02-14.20:14:14::SCWMssOS::lib/xscuwdt_sinit.o ps7_cortexa9_0/lib/xtmrctr_intr.o ps7_cortexa9_0/lib/xemacps_intr.o ps7_cortexa9_0/lib/xscuwdt_selftest.o p
TRACE::2026-02-14.20:14:14::SCWMssOS::s7_cortexa9_0/lib/xgpio_extra.o ps7_cortexa9_0/lib/xscugic_g.o ps7_cortexa9_0/lib/xil-crt0.o ps7_cortexa9_0/lib/xscugic.o ps7_c
TRACE::2026-02-14.20:14:14::SCWMssOS::ortexa9_0/lib/xiicps_sinit.o ps7_cortexa9_0/lib/xadcps_g.o ps7_cortexa9_0/lib/xtmrctr_stats.o ps7_cortexa9_0/lib/xqspips_sinit.
TRACE::2026-02-14.20:14:14::SCWMssOS::o ps7_cortexa9_0/lib/xadcps_sinit.o

TRACE::2026-02-14.20:14:15::SCWMssOS::'Finished building libraries'

TRACE::2026-02-14.20:14:15::SCWMssOS::Copying to export directory.
TRACE::2026-02-14.20:14:16::SCWMssOS:: Checking if to create the Supporting Applications
TRACE::2026-02-14.20:14:16::SCWMssOS:: No Linux domain exists, trying to generate FSBL 
TRACE::2026-02-14.20:14:16::SCWMssOS:: Completed Standalone Artifacts creation 
LOG::2026-02-14.20:14:16::SCWSystem::Completed Processing the domain standalone_domain
LOG::2026-02-14.20:14:16::SCWSystem::Completed Processing the sysconfig zedboard_platform
LOG::2026-02-14.20:14:16::SCWPlatform::Completed generating the artifacts for system configuration zedboard_platform
TRACE::2026-02-14.20:14:16::SCWPlatform::Started preparing the platform 
TRACE::2026-02-14.20:14:16::SCWSystem::Writing the bif file for system config zedboard_platform
TRACE::2026-02-14.20:14:16::SCWSystem::dir created 
TRACE::2026-02-14.20:14:16::SCWSystem::Writing the bif 
TRACE::2026-02-14.20:14:16::SCWPlatform::Started writing the spfm file 
TRACE::2026-02-14.20:14:16::SCWPlatform::Started writing the xpfm file 
TRACE::2026-02-14.20:14:16::SCWPlatform::Completed generating the platform
TRACE::2026-02-14.20:14:16::SCWMssOS::Saving the mss changes C:/Zynq_Book/vitis_workspace/zedboard_platform/ps7_cortexa9_0/standalone_domain/bsp/system.mss
TRACE::2026-02-14.20:14:16::SCWMssOS::Found a swdesign opened with the mssfile.
TRACE::2026-02-14.20:14:16::SCWMssOS::Completed writemss as part of save.
TRACE::2026-02-14.20:14:16::SCWMssOS::Commit changes completed.
TRACE::2026-02-14.20:14:16::SCWPlatform::Trying to open the hw design at C:/Zynq_Book/vitis_workspace/zedboard_platform/hw/milestone_1_wrapper.xsa
TRACE::2026-02-14.20:14:16::SCWPlatform::DSA given C:/Zynq_Book/vitis_workspace/zedboard_platform/hw/milestone_1_wrapper.xsa
TRACE::2026-02-14.20:14:16::SCWPlatform::DSA absoulate path C:/Zynq_Book/vitis_workspace/zedboard_platform/hw/milestone_1_wrapper.xsa
TRACE::2026-02-14.20:14:16::SCWPlatform::DSA directory C:/Zynq_Book/vitis_workspace/zedboard_platform/hw
TRACE::2026-02-14.20:14:16::SCWPlatform:: Platform Path C:/Zynq_Book/vitis_workspace/zedboard_platform/hw/milestone_1_wrapper.xsa
TRACE::2026-02-14.20:14:16::SCWPlatform:: Unique name xilinx:zed::0.0
TRACE::2026-02-14.20:14:16::SCWPlatform::Trying to set the existing hwdb with name design_1_wrapper_1
TRACE::2026-02-14.20:14:16::SCWPlatform::Opened existing hwdb design_1_wrapper_1
TRACE::2026-02-14.20:14:16::SCWPlatform::Found the Hw Db part of the input DSA
TRACE::2026-02-14.20:14:16::SCWMssOS::Checking the sw design at  C:/Zynq_Book/vitis_workspace/zedboard_platform/ps7_cortexa9_0/standalone_domain/bsp/system.mss
TRACE::2026-02-14.20:14:16::SCWMssOS::DEBUG:  swdes dump  C:/Zynq_Book/vitis_workspace/zedboard_platform/ps7_cortexa9_0/standalone_domain/bsp/system.mss|system||

TRACE::2026-02-14.20:14:16::SCWMssOS::Sw design exists and opened at  C:/Zynq_Book/vitis_workspace/zedboard_platform/ps7_cortexa9_0/standalone_domain/bsp/system.mss
TRACE::2026-02-14.20:14:16::SCWWriter::formatted JSON is {
	"platformName":	"zedboard_platform",
	"sprVersion":	"2.0",
	"mode":	"gui",
	"dsaType":	"Fixed",
	"platformDesc":	"zedboard_platform",
	"platHandOff":	"C:/Zynq_Book/vga_tutorial/vga_tutorial/milestone_1_wrapper.xsa",
	"platIntHandOff":	"<platformDir>/hw/milestone_1_wrapper.xsa",
	"deviceType":	"zynq",
	"platIsPrebuiltAutogen":	"false",
	"platIsNoBootBsp":	"true",
	"hasFsblMakeHasChanges":	"false",
	"hasPmufwMakeHasChanges":	"false",
	"platPreBuiltFlag":	false,
	"platformSamplesDir":	"",
	"platActiveSys":	"zedboard_platform",
	"systems":	[{
			"systemName":	"zedboard_platform",
			"systemDesc":	"zedboard_platform",
			"sysIsBootAutoGen":	"true",
			"systemDispName":	"zedboard_platform",
			"sysActiveDom":	"standalone_domain",
			"sysDefaultDom":	"standalone_domain",
			"domains":	[{
					"domainName":	"standalone_domain",
					"domainDispName":	"standalone on ps7_cortexa9_0",
					"domainDesc":	"standalone_domain",
					"processors":	"ps7_cortexa9_0",
					"os":	"standalone",
					"sdxOs":	"standalone",
					"qemuArgs":	"C:/Xilinx/Vitis/2020.2/data/emulation/platforms/zynq/sw/a9_standalone/qemu/qemu_args.txt",
					"qemuData":	"C:/Xilinx/Vitis/2020.2/data/emulation/platforms/zynq/sw/a9_standalone/qemu/",
					"debugEnable":	"False",
					"domRuntimes":	["cpp"],
					"swRepo":	"",
					"mssOsVer":	"7.3",
					"mssFile":	"",
					"md5Digest":	"87dac8935c403fb645452bd32d4e4813",
					"compatibleApp":	"",
					"domType":	"mssDomain",
					"appSettings":	{
						"appCompilerFlags":	"",
						"appLinkerFlags":	""
					},
					"addedLibs":	[],
					"libOptions":	{
						"libsContainingOptions":	[]
					},
					"prebuiltLibs":	{
						"prebuiltIncPath":	[],
						"prebuiltLibPath":	[]
					},
					"isolation":	{
					}
				}]
		}]
}
KEYINFO::2026-02-14.20:14:16::SCWPlatform::updated the xpfm file.
TRACE::2026-02-14.20:14:16::SCWPlatform::Trying to open the hw design at C:/Zynq_Book/vitis_workspace/zedboard_platform/hw/milestone_1_wrapper.xsa
TRACE::2026-02-14.20:14:16::SCWPlatform::DSA given C:/Zynq_Book/vitis_workspace/zedboard_platform/hw/milestone_1_wrapper.xsa
TRACE::2026-02-14.20:14:16::SCWPlatform::DSA absoulate path C:/Zynq_Book/vitis_workspace/zedboard_platform/hw/milestone_1_wrapper.xsa
TRACE::2026-02-14.20:14:16::SCWPlatform::DSA directory C:/Zynq_Book/vitis_workspace/zedboard_platform/hw
TRACE::2026-02-14.20:14:16::SCWPlatform:: Platform Path C:/Zynq_Book/vitis_workspace/zedboard_platform/hw/milestone_1_wrapper.xsa
TRACE::2026-02-14.20:14:16::SCWPlatform:: Unique name xilinx:zed::0.0
TRACE::2026-02-14.20:14:16::SCWPlatform::Trying to set the existing hwdb with name design_1_wrapper_1
TRACE::2026-02-14.20:14:16::SCWPlatform::Opened existing hwdb design_1_wrapper_1
TRACE::2026-02-14.20:14:16::SCWPlatform::Found the Hw Db part of the input DSA
TRACE::2026-02-14.20:14:16::SCWMssOS::Checking the sw design at  C:/Zynq_Book/vitis_workspace/zedboard_platform/ps7_cortexa9_0/standalone_domain/bsp/system.mss
TRACE::2026-02-14.20:14:16::SCWMssOS::DEBUG:  swdes dump  C:/Zynq_Book/vitis_workspace/zedboard_platform/ps7_cortexa9_0/standalone_domain/bsp/system.mss|system||

TRACE::2026-02-14.20:14:16::SCWMssOS::Sw design exists and opened at  C:/Zynq_Book/vitis_workspace/zedboard_platform/ps7_cortexa9_0/standalone_domain/bsp/system.mss
TRACE::2026-02-14.20:19:19::SCWDomain::checking for install qemu data   : 
TRACE::2026-02-14.20:19:19::SCWDomain:: Using the QEMU Data from install at  : C:/Xilinx/Vitis/2020.2/data/emulation/platforms/zynq/sw/a9_standalone/qemu/
TRACE::2026-02-14.20:19:19::SCWDomain:: Using the QEMU args  from install at  : C:/Xilinx/Vitis/2020.2/data/emulation/platforms/zynq/sw/a9_standalone/qemu/qemu_args.txt
TRACE::2026-02-14.20:19:19::SCWPlatform::Trying to open the hw design at C:/Zynq_Book/vitis_workspace/zedboard_platform/hw/milestone_1_wrapper.xsa
TRACE::2026-02-14.20:19:19::SCWPlatform::DSA given C:/Zynq_Book/vitis_workspace/zedboard_platform/hw/milestone_1_wrapper.xsa
TRACE::2026-02-14.20:19:19::SCWPlatform::DSA absoulate path C:/Zynq_Book/vitis_workspace/zedboard_platform/hw/milestone_1_wrapper.xsa
TRACE::2026-02-14.20:19:19::SCWPlatform::DSA directory C:/Zynq_Book/vitis_workspace/zedboard_platform/hw
TRACE::2026-02-14.20:19:19::SCWPlatform:: Platform Path C:/Zynq_Book/vitis_workspace/zedboard_platform/hw/milestone_1_wrapper.xsa
TRACE::2026-02-14.20:19:19::SCWPlatform:: Unique name xilinx:zed::0.0
TRACE::2026-02-14.20:19:19::SCWPlatform::Trying to set the existing hwdb with name design_1_wrapper_1
TRACE::2026-02-14.20:19:19::SCWPlatform::Opened existing hwdb design_1_wrapper_1
TRACE::2026-02-14.20:19:19::SCWPlatform::Found the Hw Db part of the input DSA
TRACE::2026-02-14.20:19:19::SCWPlatform::Trying to open the hw design at C:/Zynq_Book/vitis_workspace/zedboard_platform/hw/milestone_1_wrapper.xsa
TRACE::2026-02-14.20:19:19::SCWPlatform::DSA given C:/Zynq_Book/vitis_workspace/zedboard_platform/hw/milestone_1_wrapper.xsa
TRACE::2026-02-14.20:19:19::SCWPlatform::DSA absoulate path C:/Zynq_Book/vitis_workspace/zedboard_platform/hw/milestone_1_wrapper.xsa
TRACE::2026-02-14.20:19:19::SCWPlatform::DSA directory C:/Zynq_Book/vitis_workspace/zedboard_platform/hw
TRACE::2026-02-14.20:19:19::SCWPlatform:: Platform Path C:/Zynq_Book/vitis_workspace/zedboard_platform/hw/milestone_1_wrapper.xsa
TRACE::2026-02-14.20:19:19::SCWPlatform:: Unique name xilinx:zed::0.0
TRACE::2026-02-14.20:19:19::SCWPlatform::Trying to set the existing hwdb with name design_1_wrapper_1
TRACE::2026-02-14.20:19:19::SCWPlatform::Opened existing hwdb design_1_wrapper_1
TRACE::2026-02-14.20:19:19::SCWPlatform::Found the Hw Db part of the input DSA
TRACE::2026-02-14.20:19:19::SCWPlatform::Trying to open the hw design at C:/Zynq_Book/vitis_workspace/zedboard_platform/hw/milestone_1_wrapper.xsa
TRACE::2026-02-14.20:19:19::SCWPlatform::DSA given C:/Zynq_Book/vitis_workspace/zedboard_platform/hw/milestone_1_wrapper.xsa
TRACE::2026-02-14.20:19:19::SCWPlatform::DSA absoulate path C:/Zynq_Book/vitis_workspace/zedboard_platform/hw/milestone_1_wrapper.xsa
TRACE::2026-02-14.20:19:19::SCWPlatform::DSA directory C:/Zynq_Book/vitis_workspace/zedboard_platform/hw
TRACE::2026-02-14.20:19:19::SCWPlatform:: Platform Path C:/Zynq_Book/vitis_workspace/zedboard_platform/hw/milestone_1_wrapper.xsa
TRACE::2026-02-14.20:19:19::SCWPlatform:: Unique name xilinx:zed::0.0
TRACE::2026-02-14.20:19:19::SCWPlatform::Trying to set the existing hwdb with name design_1_wrapper_1
TRACE::2026-02-14.20:19:19::SCWPlatform::Opened existing hwdb design_1_wrapper_1
TRACE::2026-02-14.20:19:19::SCWPlatform::Found the Hw Db part of the input DSA
TRACE::2026-02-14.20:19:19::SCWMssOS::Checking the sw design at  C:/Zynq_Book/vitis_workspace/zedboard_platform/ps7_cortexa9_1/standalone_ps7_cortexa9_1/bsp/system.mss
TRACE::2026-02-14.20:19:19::SCWMssOS::DEBUG:  swdes dump  C:/Zynq_Book/vitis_workspace/zedboard_platform/ps7_cortexa9_0/standalone_domain/bsp/system.mss|system||

TRACE::2026-02-14.20:19:19::SCWMssOS::No sw design opened at  C:/Zynq_Book/vitis_workspace/zedboard_platform/ps7_cortexa9_1/standalone_ps7_cortexa9_1/bsp/system.mss
TRACE::2026-02-14.20:19:19::SCWMssOS::mss does not exists at C:/Zynq_Book/vitis_workspace/zedboard_platform/ps7_cortexa9_1/standalone_ps7_cortexa9_1/bsp/system.mss
TRACE::2026-02-14.20:19:19::SCWMssOS::Creating sw design at  C:/Zynq_Book/vitis_workspace/zedboard_platform/ps7_cortexa9_1/standalone_ps7_cortexa9_1/bsp/system.mss
TRACE::2026-02-14.20:19:19::SCWMssOS::Adding the swdes entry, created swdb C:/Zynq_Book/vitis_workspace/zedboard_platform/ps7_cortexa9_1/standalone_ps7_cortexa9_1/bsp/system.mss with des name C:/Zynq_Book/vitis_workspace/zedboard_platform/ps7_cortexa9_1/standalone_ps7_cortexa9_1/bsp/system.mss
TRACE::2026-02-14.20:19:19::SCWMssOS::updating the scw layer changes to swdes at   C:/Zynq_Book/vitis_workspace/zedboard_platform/ps7_cortexa9_1/standalone_ps7_cortexa9_1/bsp/system.mss
TRACE::2026-02-14.20:19:19::SCWMssOS::Writing mss at C:/Zynq_Book/vitis_workspace/zedboard_platform/ps7_cortexa9_1/standalone_ps7_cortexa9_1/bsp/system.mss
TRACE::2026-02-14.20:19:19::SCWMssOS::Completed writing the mss file at C:/Zynq_Book/vitis_workspace/zedboard_platform/ps7_cortexa9_1/standalone_ps7_cortexa9_1/bsp
TRACE::2026-02-14.20:19:19::SCWMssOS::Picking up changes from newly written mss file into SCW Layer. 
TRACE::2026-02-14.20:19:19::SCWMssOS::Updated the changes from newly written mss file into SCW Layer. 
TRACE::2026-02-14.20:19:19::SCWMssOS::Completed writing the mss file at C:/Zynq_Book/vitis_workspace/zedboard_platform/ps7_cortexa9_1/standalone_ps7_cortexa9_1/bsp
TRACE::2026-02-14.20:19:19::SCWMssOS::Forcing BSP Sources regeneration.
TRACE::2026-02-14.20:19:20::SCWMssOS::Saving the mss changes C:/Zynq_Book/vitis_workspace/zedboard_platform/ps7_cortexa9_0/standalone_domain/bsp/system.mss
TRACE::2026-02-14.20:19:20::SCWMssOS::Found a swdesign opened with the mssfile.
TRACE::2026-02-14.20:19:20::SCWMssOS::Completed writemss as part of save.
TRACE::2026-02-14.20:19:20::SCWMssOS::Commit changes completed.
TRACE::2026-02-14.20:19:20::SCWMssOS::Saving the mss changes C:/Zynq_Book/vitis_workspace/zedboard_platform/ps7_cortexa9_1/standalone_ps7_cortexa9_1/bsp/system.mss
TRACE::2026-02-14.20:19:20::SCWMssOS::Found a swdesign opened with the mssfile.
TRACE::2026-02-14.20:19:20::SCWMssOS::Running validate of swdbs.
KEYINFO::2026-02-14.20:19:20::SCWMssOS::Could not open the swdb for C:/Zynq_Book/vitis_workspace/zedboard_platform/ps7_cortexa9_1/standalone_ps7_cortexa9_1/bsp/system.mss
KEYINFO::2026-02-14.20:19:20::SCWMssOS::Could not open the sw design at  C:/Zynq_Book/vitis_workspace/zedboard_platform/ps7_cortexa9_1/standalone_ps7_cortexa9_1/bsp/system.mss
ERROR: [Hsi 55-1558] Software Design C:/Zynq_Book/vitis_workspace/zedboard_platform/ps7_cortexa9_1/standalone_ps7_cortexa9_1/bsp/system.mss is not found

TRACE::2026-02-14.20:19:20::SCWMssOS::Cleared the swdb table entry
TRACE::2026-02-14.20:19:20::SCWMssOS::Adding the swdes entry, mss present, able to open swdb C:/Zynq_Book/vitis_workspace/zedboard_platform/ps7_cortexa9_1/standalone_ps7_cortexa9_1/bsp/system.mss with des name system_0
TRACE::2026-02-14.20:19:20::SCWMssOS::Writing the mss file completed C:/Zynq_Book/vitis_workspace/zedboard_platform/ps7_cortexa9_1/standalone_ps7_cortexa9_1/bsp/system.mss
TRACE::2026-02-14.20:19:20::SCWMssOS::Commit changes completed.
TRACE::2026-02-14.20:19:20::SCWPlatform::Trying to open the hw design at C:/Zynq_Book/vitis_workspace/zedboard_platform/hw/milestone_1_wrapper.xsa
TRACE::2026-02-14.20:19:20::SCWPlatform::DSA given C:/Zynq_Book/vitis_workspace/zedboard_platform/hw/milestone_1_wrapper.xsa
TRACE::2026-02-14.20:19:20::SCWPlatform::DSA absoulate path C:/Zynq_Book/vitis_workspace/zedboard_platform/hw/milestone_1_wrapper.xsa
TRACE::2026-02-14.20:19:20::SCWPlatform::DSA directory C:/Zynq_Book/vitis_workspace/zedboard_platform/hw
TRACE::2026-02-14.20:19:20::SCWPlatform:: Platform Path C:/Zynq_Book/vitis_workspace/zedboard_platform/hw/milestone_1_wrapper.xsa
TRACE::2026-02-14.20:19:20::SCWPlatform:: Unique name xilinx:zed::0.0
TRACE::2026-02-14.20:19:20::SCWPlatform::Trying to set the existing hwdb with name design_1_wrapper_1
TRACE::2026-02-14.20:19:20::SCWPlatform::Opened existing hwdb design_1_wrapper_1
TRACE::2026-02-14.20:19:20::SCWPlatform::Found the Hw Db part of the input DSA
TRACE::2026-02-14.20:19:20::SCWMssOS::Checking the sw design at  C:/Zynq_Book/vitis_workspace/zedboard_platform/ps7_cortexa9_0/standalone_domain/bsp/system.mss
TRACE::2026-02-14.20:19:20::SCWMssOS::DEBUG:  swdes dump  C:/Zynq_Book/vitis_workspace/zedboard_platform/ps7_cortexa9_0/standalone_domain/bsp/system.mss|system||
C:/Zynq_Book/vitis_workspace/zedboard_platform/ps7_cortexa9_1/standalone_ps7_cortexa9_1/bsp/system.mss|system_0||

TRACE::2026-02-14.20:19:20::SCWMssOS::Sw design exists and opened at  C:/Zynq_Book/vitis_workspace/zedboard_platform/ps7_cortexa9_0/standalone_domain/bsp/system.mss
TRACE::2026-02-14.20:19:20::SCWPlatform::Trying to open the hw design at C:/Zynq_Book/vitis_workspace/zedboard_platform/hw/milestone_1_wrapper.xsa
TRACE::2026-02-14.20:19:20::SCWPlatform::DSA given C:/Zynq_Book/vitis_workspace/zedboard_platform/hw/milestone_1_wrapper.xsa
TRACE::2026-02-14.20:19:20::SCWPlatform::DSA absoulate path C:/Zynq_Book/vitis_workspace/zedboard_platform/hw/milestone_1_wrapper.xsa
TRACE::2026-02-14.20:19:20::SCWPlatform::DSA directory C:/Zynq_Book/vitis_workspace/zedboard_platform/hw
TRACE::2026-02-14.20:19:20::SCWPlatform:: Platform Path C:/Zynq_Book/vitis_workspace/zedboard_platform/hw/milestone_1_wrapper.xsa
TRACE::2026-02-14.20:19:20::SCWPlatform:: Unique name xilinx:zed::0.0
TRACE::2026-02-14.20:19:20::SCWPlatform::Trying to set the existing hwdb with name design_1_wrapper_1
TRACE::2026-02-14.20:19:20::SCWPlatform::Opened existing hwdb design_1_wrapper_1
TRACE::2026-02-14.20:19:20::SCWPlatform::Found the Hw Db part of the input DSA
TRACE::2026-02-14.20:19:20::SCWMssOS::Checking the sw design at  C:/Zynq_Book/vitis_workspace/zedboard_platform/ps7_cortexa9_1/standalone_ps7_cortexa9_1/bsp/system.mss
TRACE::2026-02-14.20:19:20::SCWMssOS::DEBUG:  swdes dump  C:/Zynq_Book/vitis_workspace/zedboard_platform/ps7_cortexa9_0/standalone_domain/bsp/system.mss|system||
C:/Zynq_Book/vitis_workspace/zedboard_platform/ps7_cortexa9_1/standalone_ps7_cortexa9_1/bsp/system.mss|system_0||

TRACE::2026-02-14.20:19:20::SCWMssOS::Sw design exists and opened at  C:/Zynq_Book/vitis_workspace/zedboard_platform/ps7_cortexa9_1/standalone_ps7_cortexa9_1/bsp/system.mss
TRACE::2026-02-14.20:19:20::SCWPlatform::Trying to open the hw design at C:/Zynq_Book/vitis_workspace/zedboard_platform/hw/milestone_1_wrapper.xsa
TRACE::2026-02-14.20:19:20::SCWPlatform::DSA given C:/Zynq_Book/vitis_workspace/zedboard_platform/hw/milestone_1_wrapper.xsa
TRACE::2026-02-14.20:19:20::SCWPlatform::DSA absoulate path C:/Zynq_Book/vitis_workspace/zedboard_platform/hw/milestone_1_wrapper.xsa
TRACE::2026-02-14.20:19:20::SCWPlatform::DSA directory C:/Zynq_Book/vitis_workspace/zedboard_platform/hw
TRACE::2026-02-14.20:19:20::SCWPlatform:: Platform Path C:/Zynq_Book/vitis_workspace/zedboard_platform/hw/milestone_1_wrapper.xsa
TRACE::2026-02-14.20:19:20::SCWPlatform:: Unique name xilinx:zed::0.0
TRACE::2026-02-14.20:19:20::SCWPlatform::Trying to set the existing hwdb with name design_1_wrapper_1
TRACE::2026-02-14.20:19:20::SCWPlatform::Opened existing hwdb design_1_wrapper_1
TRACE::2026-02-14.20:19:20::SCWPlatform::Found the Hw Db part of the input DSA
TRACE::2026-02-14.20:19:20::SCWMssOS::Checking the sw design at  C:/Zynq_Book/vitis_workspace/zedboard_platform/ps7_cortexa9_1/standalone_ps7_cortexa9_1/bsp/system.mss
TRACE::2026-02-14.20:19:20::SCWMssOS::DEBUG:  swdes dump  C:/Zynq_Book/vitis_workspace/zedboard_platform/ps7_cortexa9_0/standalone_domain/bsp/system.mss|system||
C:/Zynq_Book/vitis_workspace/zedboard_platform/ps7_cortexa9_1/standalone_ps7_cortexa9_1/bsp/system.mss|system_0||

TRACE::2026-02-14.20:19:20::SCWMssOS::Sw design exists and opened at  C:/Zynq_Book/vitis_workspace/zedboard_platform/ps7_cortexa9_1/standalone_ps7_cortexa9_1/bsp/system.mss
TRACE::2026-02-14.20:19:20::SCWPlatform::Trying to open the hw design at C:/Zynq_Book/vitis_workspace/zedboard_platform/hw/milestone_1_wrapper.xsa
TRACE::2026-02-14.20:19:20::SCWPlatform::DSA given C:/Zynq_Book/vitis_workspace/zedboard_platform/hw/milestone_1_wrapper.xsa
TRACE::2026-02-14.20:19:20::SCWPlatform::DSA absoulate path C:/Zynq_Book/vitis_workspace/zedboard_platform/hw/milestone_1_wrapper.xsa
TRACE::2026-02-14.20:19:20::SCWPlatform::DSA directory C:/Zynq_Book/vitis_workspace/zedboard_platform/hw
TRACE::2026-02-14.20:19:20::SCWPlatform:: Platform Path C:/Zynq_Book/vitis_workspace/zedboard_platform/hw/milestone_1_wrapper.xsa
TRACE::2026-02-14.20:19:20::SCWPlatform:: Unique name xilinx:zed::0.0
TRACE::2026-02-14.20:19:20::SCWPlatform::Trying to set the existing hwdb with name design_1_wrapper_1
TRACE::2026-02-14.20:19:20::SCWPlatform::Opened existing hwdb design_1_wrapper_1
TRACE::2026-02-14.20:19:20::SCWPlatform::Found the Hw Db part of the input DSA
TRACE::2026-02-14.20:19:20::SCWMssOS::Checking the sw design at  C:/Zynq_Book/vitis_workspace/zedboard_platform/ps7_cortexa9_1/standalone_ps7_cortexa9_1/bsp/system.mss
TRACE::2026-02-14.20:19:20::SCWMssOS::DEBUG:  swdes dump  C:/Zynq_Book/vitis_workspace/zedboard_platform/ps7_cortexa9_0/standalone_domain/bsp/system.mss|system||
C:/Zynq_Book/vitis_workspace/zedboard_platform/ps7_cortexa9_1/standalone_ps7_cortexa9_1/bsp/system.mss|system_0||

TRACE::2026-02-14.20:19:20::SCWMssOS::Sw design exists and opened at  C:/Zynq_Book/vitis_workspace/zedboard_platform/ps7_cortexa9_1/standalone_ps7_cortexa9_1/bsp/system.mss
TRACE::2026-02-14.20:19:20::SCWWriter::formatted JSON is {
	"platformName":	"zedboard_platform",
	"sprVersion":	"2.0",
	"mode":	"gui",
	"dsaType":	"Fixed",
	"platformDesc":	"zedboard_platform",
	"platHandOff":	"C:/Zynq_Book/vga_tutorial/vga_tutorial/milestone_1_wrapper.xsa",
	"platIntHandOff":	"<platformDir>/hw/milestone_1_wrapper.xsa",
	"deviceType":	"zynq",
	"platIsPrebuiltAutogen":	"false",
	"platIsNoBootBsp":	"true",
	"hasFsblMakeHasChanges":	"false",
	"hasPmufwMakeHasChanges":	"false",
	"platPreBuiltFlag":	false,
	"platformSamplesDir":	"",
	"platActiveSys":	"zedboard_platform",
	"systems":	[{
			"systemName":	"zedboard_platform",
			"systemDesc":	"zedboard_platform",
			"sysIsBootAutoGen":	"true",
			"systemDispName":	"zedboard_platform",
			"sysActiveDom":	"standalone_ps7_cortexa9_1",
			"sysDefaultDom":	"standalone_ps7_cortexa9_1",
			"domains":	[{
					"domainName":	"standalone_domain",
					"domainDispName":	"standalone on ps7_cortexa9_0",
					"domainDesc":	"standalone_domain",
					"processors":	"ps7_cortexa9_0",
					"os":	"standalone",
					"sdxOs":	"standalone",
					"qemuArgs":	"C:/Xilinx/Vitis/2020.2/data/emulation/platforms/zynq/sw/a9_standalone/qemu/qemu_args.txt",
					"qemuData":	"C:/Xilinx/Vitis/2020.2/data/emulation/platforms/zynq/sw/a9_standalone/qemu/",
					"debugEnable":	"False",
					"domRuntimes":	["cpp"],
					"swRepo":	"",
					"mssOsVer":	"7.3",
					"mssFile":	"",
					"md5Digest":	"87dac8935c403fb645452bd32d4e4813",
					"compatibleApp":	"",
					"domType":	"mssDomain",
					"appSettings":	{
						"appCompilerFlags":	"",
						"appLinkerFlags":	""
					},
					"addedLibs":	[],
					"libOptions":	{
						"libsContainingOptions":	[]
					},
					"prebuiltLibs":	{
						"prebuiltIncPath":	[],
						"prebuiltLibPath":	[]
					},
					"isolation":	{
					}
				}, {
					"domainName":	"standalone_ps7_cortexa9_1",
					"domainDispName":	"standalone_ps7_cortexa9_1",
					"domainDesc":	"",
					"processors":	"ps7_cortexa9_1",
					"os":	"standalone",
					"sdxOs":	"standalone",
					"qemuArgs":	"C:/Xilinx/Vitis/2020.2/data/emulation/platforms/zynq/sw/a9_standalone/qemu/qemu_args.txt",
					"qemuData":	"C:/Xilinx/Vitis/2020.2/data/emulation/platforms/zynq/sw/a9_standalone/qemu/",
					"debugEnable":	"False",
					"domRuntimes":	["cpp"],
					"swRepo":	"",
					"mssOsVer":	"7.3",
					"mssFile":	"",
					"md5Digest":	"a2b199d5aef09cfd8404b0a122d0ad45",
					"compatibleApp":	"",
					"domType":	"mssDomain",
					"arch":	"32-bit",
					"appSettings":	{
						"appCompilerFlags":	"",
						"appLinkerFlags":	""
					},
					"addedLibs":	[],
					"libOptions":	{
						"libsContainingOptions":	[]
					},
					"prebuiltLibs":	{
						"prebuiltIncPath":	[],
						"prebuiltLibPath":	[]
					},
					"isolation":	{
					}
				}]
		}]
}
LOG::2026-02-14.20:19:20::SCWPlatform::Started generating the artifacts platform zedboard_platform
TRACE::2026-02-14.20:19:20::SCWPlatform::Sanity checking of platform is completed
LOG::2026-02-14.20:19:20::SCWPlatform::Started generating the artifacts for system configuration zedboard_platform
LOG::2026-02-14.20:19:20::SCWSystem::Checking the domain standalone_domain
LOG::2026-02-14.20:19:20::SCWSystem::Not a boot domain 
LOG::2026-02-14.20:19:20::SCWSystem::Checking the domain standalone_ps7_cortexa9_1
LOG::2026-02-14.20:19:20::SCWSystem::Not a boot domain 
LOG::2026-02-14.20:19:20::SCWSystem::Started Processing the domain standalone_domain
TRACE::2026-02-14.20:19:20::SCWDomain::Generating domain artifcats
TRACE::2026-02-14.20:19:20::SCWMssOS::Generating standalone artifcats
TRACE::2026-02-14.20:19:20::SCWMssOS::Copying the qemu file from  C:/Xilinx/Vitis/2020.2/data/emulation/platforms/zynq/sw/a9_standalone/qemu/qemu_args.txt To C:/Zynq_Book/vitis_workspace/zedboard_platform/export/zedboard_platform/sw/zedboard_platform/qemu/
TRACE::2026-02-14.20:19:20::SCWMssOS::Copying the qemu file from  C:/Xilinx/Vitis/2020.2/data/emulation/platforms/zynq/sw/a9_standalone/qemu/qemu_args.txt To C:/Zynq_Book/vitis_workspace/zedboard_platform/export/zedboard_platform/sw/zedboard_platform/standalone_domain/qemu/
TRACE::2026-02-14.20:19:20::SCWMssOS:: Copying the user libraries. 
TRACE::2026-02-14.20:19:20::SCWPlatform::Trying to open the hw design at C:/Zynq_Book/vitis_workspace/zedboard_platform/hw/milestone_1_wrapper.xsa
TRACE::2026-02-14.20:19:20::SCWPlatform::DSA given C:/Zynq_Book/vitis_workspace/zedboard_platform/hw/milestone_1_wrapper.xsa
TRACE::2026-02-14.20:19:20::SCWPlatform::DSA absoulate path C:/Zynq_Book/vitis_workspace/zedboard_platform/hw/milestone_1_wrapper.xsa
TRACE::2026-02-14.20:19:21::SCWPlatform::DSA directory C:/Zynq_Book/vitis_workspace/zedboard_platform/hw
TRACE::2026-02-14.20:19:21::SCWPlatform:: Platform Path C:/Zynq_Book/vitis_workspace/zedboard_platform/hw/milestone_1_wrapper.xsa
TRACE::2026-02-14.20:19:21::SCWPlatform:: Unique name xilinx:zed::0.0
TRACE::2026-02-14.20:19:21::SCWPlatform::Trying to set the existing hwdb with name design_1_wrapper_1
TRACE::2026-02-14.20:19:21::SCWPlatform::Opened existing hwdb design_1_wrapper_1
TRACE::2026-02-14.20:19:21::SCWPlatform::Found the Hw Db part of the input DSA
TRACE::2026-02-14.20:19:21::SCWMssOS::Checking the sw design at  C:/Zynq_Book/vitis_workspace/zedboard_platform/ps7_cortexa9_0/standalone_domain/bsp/system.mss
TRACE::2026-02-14.20:19:21::SCWMssOS::DEBUG:  swdes dump  C:/Zynq_Book/vitis_workspace/zedboard_platform/ps7_cortexa9_0/standalone_domain/bsp/system.mss|system||
C:/Zynq_Book/vitis_workspace/zedboard_platform/ps7_cortexa9_1/standalone_ps7_cortexa9_1/bsp/system.mss|system_0||

TRACE::2026-02-14.20:19:21::SCWMssOS::Sw design exists and opened at  C:/Zynq_Book/vitis_workspace/zedboard_platform/ps7_cortexa9_0/standalone_domain/bsp/system.mss
TRACE::2026-02-14.20:19:21::SCWMssOS::Completed writing the mss file at C:/Zynq_Book/vitis_workspace/zedboard_platform/ps7_cortexa9_0/standalone_domain/bsp
TRACE::2026-02-14.20:19:21::SCWMssOS::Mss edits present, copying mssfile into export location C:/Zynq_Book/vitis_workspace/zedboard_platform/ps7_cortexa9_0/standalone_domain/bsp/system.mss
TRACE::2026-02-14.20:19:21::SCWMssOS::bsp generated is upto date with the mss file. Skipping bsp generation.
TRACE::2026-02-14.20:19:21::SCWMssOS::BSP is already built. skipping the bsp build ... 
TRACE::2026-02-14.20:19:21::SCWDomain::Skipping the build for domain :  standalone_domain
TRACE::2026-02-14.20:19:21::SCWMssOS::skipping the bsp build ... 
TRACE::2026-02-14.20:19:21::SCWMssOS::Copying to export directory.
TRACE::2026-02-14.20:19:21::SCWMssOS:: Checking if to create the Supporting Applications
TRACE::2026-02-14.20:19:21::SCWMssOS:: No Linux domain exists, trying to generate FSBL 
TRACE::2026-02-14.20:19:21::SCWMssOS:: Completed Standalone Artifacts creation 
LOG::2026-02-14.20:19:21::SCWSystem::Completed Processing the domain standalone_domain
LOG::2026-02-14.20:19:21::SCWSystem::Started Processing the domain standalone_ps7_cortexa9_1
TRACE::2026-02-14.20:19:21::SCWDomain::Generating domain artifcats
TRACE::2026-02-14.20:19:21::SCWMssOS::Generating standalone artifcats
TRACE::2026-02-14.20:19:21::SCWMssOS::Copying the qemu file from  C:/Xilinx/Vitis/2020.2/data/emulation/platforms/zynq/sw/a9_standalone/qemu/qemu_args.txt To C:/Zynq_Book/vitis_workspace/zedboard_platform/export/zedboard_platform/sw/zedboard_platform/standalone_ps7_cortexa9_1/qemu/
TRACE::2026-02-14.20:19:21::SCWMssOS:: Copying the user libraries. 
TRACE::2026-02-14.20:19:21::SCWPlatform::Trying to open the hw design at C:/Zynq_Book/vitis_workspace/zedboard_platform/hw/milestone_1_wrapper.xsa
TRACE::2026-02-14.20:19:21::SCWPlatform::DSA given C:/Zynq_Book/vitis_workspace/zedboard_platform/hw/milestone_1_wrapper.xsa
TRACE::2026-02-14.20:19:21::SCWPlatform::DSA absoulate path C:/Zynq_Book/vitis_workspace/zedboard_platform/hw/milestone_1_wrapper.xsa
TRACE::2026-02-14.20:19:21::SCWPlatform::DSA directory C:/Zynq_Book/vitis_workspace/zedboard_platform/hw
TRACE::2026-02-14.20:19:21::SCWPlatform:: Platform Path C:/Zynq_Book/vitis_workspace/zedboard_platform/hw/milestone_1_wrapper.xsa
TRACE::2026-02-14.20:19:21::SCWPlatform:: Unique name xilinx:zed::0.0
TRACE::2026-02-14.20:19:21::SCWPlatform::Trying to set the existing hwdb with name design_1_wrapper_1
TRACE::2026-02-14.20:19:21::SCWPlatform::Opened existing hwdb design_1_wrapper_1
TRACE::2026-02-14.20:19:21::SCWPlatform::Found the Hw Db part of the input DSA
TRACE::2026-02-14.20:19:21::SCWMssOS::Checking the sw design at  C:/Zynq_Book/vitis_workspace/zedboard_platform/ps7_cortexa9_1/standalone_ps7_cortexa9_1/bsp/system.mss
TRACE::2026-02-14.20:19:21::SCWMssOS::DEBUG:  swdes dump  C:/Zynq_Book/vitis_workspace/zedboard_platform/ps7_cortexa9_0/standalone_domain/bsp/system.mss|system||
C:/Zynq_Book/vitis_workspace/zedboard_platform/ps7_cortexa9_1/standalone_ps7_cortexa9_1/bsp/system.mss|system_0||

TRACE::2026-02-14.20:19:21::SCWMssOS::Sw design exists and opened at  C:/Zynq_Book/vitis_workspace/zedboard_platform/ps7_cortexa9_1/standalone_ps7_cortexa9_1/bsp/system.mss
TRACE::2026-02-14.20:19:21::SCWMssOS::Completed writing the mss file at C:/Zynq_Book/vitis_workspace/zedboard_platform/ps7_cortexa9_1/standalone_ps7_cortexa9_1/bsp
TRACE::2026-02-14.20:19:21::SCWMssOS::Mss edits present, copying mssfile into export location C:/Zynq_Book/vitis_workspace/zedboard_platform/ps7_cortexa9_1/standalone_ps7_cortexa9_1/bsp/system.mss
TRACE::2026-02-14.20:19:21::SCWMssOS::bsp generated is upto date with the mss file. Skipping bsp generation.
TRACE::2026-02-14.20:19:21::SCWMssOS::BSP is already built. skipping the bsp build ... 
TRACE::2026-02-14.20:19:21::SCWDomain::Skipping the build for domain :  standalone_ps7_cortexa9_1
TRACE::2026-02-14.20:19:21::SCWMssOS::skipping the bsp build ... 
TRACE::2026-02-14.20:19:21::SCWMssOS::Copying to export directory.
TRACE::2026-02-14.20:19:21::SCWMssOS:: Checking if to create the Supporting Applications
TRACE::2026-02-14.20:19:21::SCWMssOS:: No Linux domain exists, trying to generate FSBL 
TRACE::2026-02-14.20:19:21::SCWMssOS:: Completed Standalone Artifacts creation 
LOG::2026-02-14.20:19:21::SCWSystem::Completed Processing the domain standalone_ps7_cortexa9_1
LOG::2026-02-14.20:19:21::SCWSystem::Completed Processing the sysconfig zedboard_platform
LOG::2026-02-14.20:19:21::SCWPlatform::Completed generating the artifacts for system configuration zedboard_platform
TRACE::2026-02-14.20:19:21::SCWPlatform::Started preparing the platform 
TRACE::2026-02-14.20:19:21::SCWSystem::Writing the bif file for system config zedboard_platform
TRACE::2026-02-14.20:19:21::SCWSystem::dir created 
TRACE::2026-02-14.20:19:21::SCWSystem::Writing the bif 
TRACE::2026-02-14.20:19:21::SCWPlatform::Started writing the spfm file 
TRACE::2026-02-14.20:19:21::SCWPlatform::Started writing the xpfm file 
TRACE::2026-02-14.20:19:21::SCWPlatform::Completed generating the platform
TRACE::2026-02-14.20:19:21::SCWMssOS::Saving the mss changes C:/Zynq_Book/vitis_workspace/zedboard_platform/ps7_cortexa9_0/standalone_domain/bsp/system.mss
TRACE::2026-02-14.20:19:21::SCWMssOS::Found a swdesign opened with the mssfile.
TRACE::2026-02-14.20:19:21::SCWMssOS::Completed writemss as part of save.
TRACE::2026-02-14.20:19:21::SCWMssOS::Commit changes completed.
TRACE::2026-02-14.20:19:21::SCWMssOS::Saving the mss changes C:/Zynq_Book/vitis_workspace/zedboard_platform/ps7_cortexa9_1/standalone_ps7_cortexa9_1/bsp/system.mss
TRACE::2026-02-14.20:19:21::SCWMssOS::Found a swdesign opened with the mssfile.
TRACE::2026-02-14.20:19:21::SCWMssOS::Completed writemss as part of save.
TRACE::2026-02-14.20:19:21::SCWMssOS::Commit changes completed.
TRACE::2026-02-14.20:19:21::SCWPlatform::Trying to open the hw design at C:/Zynq_Book/vitis_workspace/zedboard_platform/hw/milestone_1_wrapper.xsa
TRACE::2026-02-14.20:19:21::SCWPlatform::DSA given C:/Zynq_Book/vitis_workspace/zedboard_platform/hw/milestone_1_wrapper.xsa
TRACE::2026-02-14.20:19:21::SCWPlatform::DSA absoulate path C:/Zynq_Book/vitis_workspace/zedboard_platform/hw/milestone_1_wrapper.xsa
TRACE::2026-02-14.20:19:21::SCWPlatform::DSA directory C:/Zynq_Book/vitis_workspace/zedboard_platform/hw
TRACE::2026-02-14.20:19:21::SCWPlatform:: Platform Path C:/Zynq_Book/vitis_workspace/zedboard_platform/hw/milestone_1_wrapper.xsa
TRACE::2026-02-14.20:19:21::SCWPlatform:: Unique name xilinx:zed::0.0
TRACE::2026-02-14.20:19:21::SCWPlatform::Trying to set the existing hwdb with name design_1_wrapper_1
TRACE::2026-02-14.20:19:21::SCWPlatform::Opened existing hwdb design_1_wrapper_1
TRACE::2026-02-14.20:19:21::SCWPlatform::Found the Hw Db part of the input DSA
TRACE::2026-02-14.20:19:21::SCWMssOS::Checking the sw design at  C:/Zynq_Book/vitis_workspace/zedboard_platform/ps7_cortexa9_0/standalone_domain/bsp/system.mss
TRACE::2026-02-14.20:19:21::SCWMssOS::DEBUG:  swdes dump  C:/Zynq_Book/vitis_workspace/zedboard_platform/ps7_cortexa9_0/standalone_domain/bsp/system.mss|system||
C:/Zynq_Book/vitis_workspace/zedboard_platform/ps7_cortexa9_1/standalone_ps7_cortexa9_1/bsp/system.mss|system_0||

TRACE::2026-02-14.20:19:21::SCWMssOS::Sw design exists and opened at  C:/Zynq_Book/vitis_workspace/zedboard_platform/ps7_cortexa9_0/standalone_domain/bsp/system.mss
TRACE::2026-02-14.20:19:21::SCWPlatform::Trying to open the hw design at C:/Zynq_Book/vitis_workspace/zedboard_platform/hw/milestone_1_wrapper.xsa
TRACE::2026-02-14.20:19:21::SCWPlatform::DSA given C:/Zynq_Book/vitis_workspace/zedboard_platform/hw/milestone_1_wrapper.xsa
TRACE::2026-02-14.20:19:21::SCWPlatform::DSA absoulate path C:/Zynq_Book/vitis_workspace/zedboard_platform/hw/milestone_1_wrapper.xsa
TRACE::2026-02-14.20:19:21::SCWPlatform::DSA directory C:/Zynq_Book/vitis_workspace/zedboard_platform/hw
TRACE::2026-02-14.20:19:21::SCWPlatform:: Platform Path C:/Zynq_Book/vitis_workspace/zedboard_platform/hw/milestone_1_wrapper.xsa
TRACE::2026-02-14.20:19:21::SCWPlatform:: Unique name xilinx:zed::0.0
TRACE::2026-02-14.20:19:21::SCWPlatform::Trying to set the existing hwdb with name design_1_wrapper_1
TRACE::2026-02-14.20:19:21::SCWPlatform::Opened existing hwdb design_1_wrapper_1
TRACE::2026-02-14.20:19:21::SCWPlatform::Found the Hw Db part of the input DSA
TRACE::2026-02-14.20:19:21::SCWMssOS::Checking the sw design at  C:/Zynq_Book/vitis_workspace/zedboard_platform/ps7_cortexa9_1/standalone_ps7_cortexa9_1/bsp/system.mss
TRACE::2026-02-14.20:19:21::SCWMssOS::DEBUG:  swdes dump  C:/Zynq_Book/vitis_workspace/zedboard_platform/ps7_cortexa9_0/standalone_domain/bsp/system.mss|system||
C:/Zynq_Book/vitis_workspace/zedboard_platform/ps7_cortexa9_1/standalone_ps7_cortexa9_1/bsp/system.mss|system_0||

TRACE::2026-02-14.20:19:21::SCWMssOS::Sw design exists and opened at  C:/Zynq_Book/vitis_workspace/zedboard_platform/ps7_cortexa9_1/standalone_ps7_cortexa9_1/bsp/system.mss
TRACE::2026-02-14.20:19:21::SCWPlatform::Trying to open the hw design at C:/Zynq_Book/vitis_workspace/zedboard_platform/hw/milestone_1_wrapper.xsa
TRACE::2026-02-14.20:19:21::SCWPlatform::DSA given C:/Zynq_Book/vitis_workspace/zedboard_platform/hw/milestone_1_wrapper.xsa
TRACE::2026-02-14.20:19:21::SCWPlatform::DSA absoulate path C:/Zynq_Book/vitis_workspace/zedboard_platform/hw/milestone_1_wrapper.xsa
TRACE::2026-02-14.20:19:21::SCWPlatform::DSA directory C:/Zynq_Book/vitis_workspace/zedboard_platform/hw
TRACE::2026-02-14.20:19:21::SCWPlatform:: Platform Path C:/Zynq_Book/vitis_workspace/zedboard_platform/hw/milestone_1_wrapper.xsa
TRACE::2026-02-14.20:19:21::SCWPlatform:: Unique name xilinx:zed::0.0
TRACE::2026-02-14.20:19:21::SCWPlatform::Trying to set the existing hwdb with name design_1_wrapper_1
TRACE::2026-02-14.20:19:21::SCWPlatform::Opened existing hwdb design_1_wrapper_1
TRACE::2026-02-14.20:19:21::SCWPlatform::Found the Hw Db part of the input DSA
TRACE::2026-02-14.20:19:21::SCWMssOS::Checking the sw design at  C:/Zynq_Book/vitis_workspace/zedboard_platform/ps7_cortexa9_1/standalone_ps7_cortexa9_1/bsp/system.mss
TRACE::2026-02-14.20:19:21::SCWMssOS::DEBUG:  swdes dump  C:/Zynq_Book/vitis_workspace/zedboard_platform/ps7_cortexa9_0/standalone_domain/bsp/system.mss|system||
C:/Zynq_Book/vitis_workspace/zedboard_platform/ps7_cortexa9_1/standalone_ps7_cortexa9_1/bsp/system.mss|system_0||

TRACE::2026-02-14.20:19:21::SCWMssOS::Sw design exists and opened at  C:/Zynq_Book/vitis_workspace/zedboard_platform/ps7_cortexa9_1/standalone_ps7_cortexa9_1/bsp/system.mss
TRACE::2026-02-14.20:19:21::SCWPlatform::Trying to open the hw design at C:/Zynq_Book/vitis_workspace/zedboard_platform/hw/milestone_1_wrapper.xsa
TRACE::2026-02-14.20:19:21::SCWPlatform::DSA given C:/Zynq_Book/vitis_workspace/zedboard_platform/hw/milestone_1_wrapper.xsa
TRACE::2026-02-14.20:19:21::SCWPlatform::DSA absoulate path C:/Zynq_Book/vitis_workspace/zedboard_platform/hw/milestone_1_wrapper.xsa
TRACE::2026-02-14.20:19:21::SCWPlatform::DSA directory C:/Zynq_Book/vitis_workspace/zedboard_platform/hw
TRACE::2026-02-14.20:19:21::SCWPlatform:: Platform Path C:/Zynq_Book/vitis_workspace/zedboard_platform/hw/milestone_1_wrapper.xsa
TRACE::2026-02-14.20:19:21::SCWPlatform:: Unique name xilinx:zed::0.0
TRACE::2026-02-14.20:19:21::SCWPlatform::Trying to set the existing hwdb with name design_1_wrapper_1
TRACE::2026-02-14.20:19:21::SCWPlatform::Opened existing hwdb design_1_wrapper_1
TRACE::2026-02-14.20:19:21::SCWPlatform::Found the Hw Db part of the input DSA
TRACE::2026-02-14.20:19:21::SCWMssOS::Checking the sw design at  C:/Zynq_Book/vitis_workspace/zedboard_platform/ps7_cortexa9_1/standalone_ps7_cortexa9_1/bsp/system.mss
TRACE::2026-02-14.20:19:21::SCWMssOS::DEBUG:  swdes dump  C:/Zynq_Book/vitis_workspace/zedboard_platform/ps7_cortexa9_0/standalone_domain/bsp/system.mss|system||
C:/Zynq_Book/vitis_workspace/zedboard_platform/ps7_cortexa9_1/standalone_ps7_cortexa9_1/bsp/system.mss|system_0||

TRACE::2026-02-14.20:19:21::SCWMssOS::Sw design exists and opened at  C:/Zynq_Book/vitis_workspace/zedboard_platform/ps7_cortexa9_1/standalone_ps7_cortexa9_1/bsp/system.mss
TRACE::2026-02-14.20:19:21::SCWWriter::formatted JSON is {
	"platformName":	"zedboard_platform",
	"sprVersion":	"2.0",
	"mode":	"gui",
	"dsaType":	"Fixed",
	"platformDesc":	"zedboard_platform",
	"platHandOff":	"C:/Zynq_Book/vga_tutorial/vga_tutorial/milestone_1_wrapper.xsa",
	"platIntHandOff":	"<platformDir>/hw/milestone_1_wrapper.xsa",
	"deviceType":	"zynq",
	"platIsPrebuiltAutogen":	"false",
	"platIsNoBootBsp":	"true",
	"hasFsblMakeHasChanges":	"false",
	"hasPmufwMakeHasChanges":	"false",
	"platPreBuiltFlag":	false,
	"platformSamplesDir":	"",
	"platActiveSys":	"zedboard_platform",
	"systems":	[{
			"systemName":	"zedboard_platform",
			"systemDesc":	"zedboard_platform",
			"sysIsBootAutoGen":	"true",
			"systemDispName":	"zedboard_platform",
			"sysActiveDom":	"standalone_ps7_cortexa9_1",
			"sysDefaultDom":	"standalone_ps7_cortexa9_1",
			"domains":	[{
					"domainName":	"standalone_domain",
					"domainDispName":	"standalone on ps7_cortexa9_0",
					"domainDesc":	"standalone_domain",
					"processors":	"ps7_cortexa9_0",
					"os":	"standalone",
					"sdxOs":	"standalone",
					"qemuArgs":	"C:/Xilinx/Vitis/2020.2/data/emulation/platforms/zynq/sw/a9_standalone/qemu/qemu_args.txt",
					"qemuData":	"C:/Xilinx/Vitis/2020.2/data/emulation/platforms/zynq/sw/a9_standalone/qemu/",
					"debugEnable":	"False",
					"domRuntimes":	["cpp"],
					"swRepo":	"",
					"mssOsVer":	"7.3",
					"mssFile":	"",
					"md5Digest":	"87dac8935c403fb645452bd32d4e4813",
					"compatibleApp":	"",
					"domType":	"mssDomain",
					"appSettings":	{
						"appCompilerFlags":	"",
						"appLinkerFlags":	""
					},
					"addedLibs":	[],
					"libOptions":	{
						"libsContainingOptions":	[]
					},
					"prebuiltLibs":	{
						"prebuiltIncPath":	[],
						"prebuiltLibPath":	[]
					},
					"isolation":	{
					}
				}, {
					"domainName":	"standalone_ps7_cortexa9_1",
					"domainDispName":	"standalone_ps7_cortexa9_1",
					"domainDesc":	"",
					"processors":	"ps7_cortexa9_1",
					"os":	"standalone",
					"sdxOs":	"standalone",
					"qemuArgs":	"C:/Xilinx/Vitis/2020.2/data/emulation/platforms/zynq/sw/a9_standalone/qemu/qemu_args.txt",
					"qemuData":	"C:/Xilinx/Vitis/2020.2/data/emulation/platforms/zynq/sw/a9_standalone/qemu/",
					"debugEnable":	"False",
					"domRuntimes":	["cpp"],
					"swRepo":	"",
					"mssOsVer":	"7.3",
					"mssFile":	"",
					"md5Digest":	"a2b199d5aef09cfd8404b0a122d0ad45",
					"compatibleApp":	"",
					"domType":	"mssDomain",
					"arch":	"32-bit",
					"appSettings":	{
						"appCompilerFlags":	"",
						"appLinkerFlags":	""
					},
					"addedLibs":	[],
					"libOptions":	{
						"libsContainingOptions":	[]
					},
					"prebuiltLibs":	{
						"prebuiltIncPath":	[],
						"prebuiltLibPath":	[]
					},
					"isolation":	{
					}
				}]
		}]
}
KEYINFO::2026-02-14.20:19:21::SCWPlatform::updated the xpfm file.
TRACE::2026-02-14.20:19:21::SCWPlatform::Trying to open the hw design at C:/Zynq_Book/vitis_workspace/zedboard_platform/hw/milestone_1_wrapper.xsa
TRACE::2026-02-14.20:19:21::SCWPlatform::DSA given C:/Zynq_Book/vitis_workspace/zedboard_platform/hw/milestone_1_wrapper.xsa
TRACE::2026-02-14.20:19:21::SCWPlatform::DSA absoulate path C:/Zynq_Book/vitis_workspace/zedboard_platform/hw/milestone_1_wrapper.xsa
TRACE::2026-02-14.20:19:21::SCWPlatform::DSA directory C:/Zynq_Book/vitis_workspace/zedboard_platform/hw
TRACE::2026-02-14.20:19:21::SCWPlatform:: Platform Path C:/Zynq_Book/vitis_workspace/zedboard_platform/hw/milestone_1_wrapper.xsa
TRACE::2026-02-14.20:19:21::SCWPlatform:: Unique name xilinx:zed::0.0
TRACE::2026-02-14.20:19:21::SCWPlatform::Trying to set the existing hwdb with name design_1_wrapper_1
TRACE::2026-02-14.20:19:21::SCWPlatform::Opened existing hwdb design_1_wrapper_1
TRACE::2026-02-14.20:19:21::SCWPlatform::Found the Hw Db part of the input DSA
TRACE::2026-02-14.20:19:21::SCWMssOS::Checking the sw design at  C:/Zynq_Book/vitis_workspace/zedboard_platform/ps7_cortexa9_0/standalone_domain/bsp/system.mss
TRACE::2026-02-14.20:19:21::SCWMssOS::DEBUG:  swdes dump  C:/Zynq_Book/vitis_workspace/zedboard_platform/ps7_cortexa9_0/standalone_domain/bsp/system.mss|system||
C:/Zynq_Book/vitis_workspace/zedboard_platform/ps7_cortexa9_1/standalone_ps7_cortexa9_1/bsp/system.mss|system_0||

TRACE::2026-02-14.20:19:21::SCWMssOS::Sw design exists and opened at  C:/Zynq_Book/vitis_workspace/zedboard_platform/ps7_cortexa9_0/standalone_domain/bsp/system.mss
TRACE::2026-02-14.20:19:21::SCWPlatform::Trying to open the hw design at C:/Zynq_Book/vitis_workspace/zedboard_platform/hw/milestone_1_wrapper.xsa
TRACE::2026-02-14.20:19:21::SCWPlatform::DSA given C:/Zynq_Book/vitis_workspace/zedboard_platform/hw/milestone_1_wrapper.xsa
TRACE::2026-02-14.20:19:21::SCWPlatform::DSA absoulate path C:/Zynq_Book/vitis_workspace/zedboard_platform/hw/milestone_1_wrapper.xsa
TRACE::2026-02-14.20:19:21::SCWPlatform::DSA directory C:/Zynq_Book/vitis_workspace/zedboard_platform/hw
TRACE::2026-02-14.20:19:21::SCWPlatform:: Platform Path C:/Zynq_Book/vitis_workspace/zedboard_platform/hw/milestone_1_wrapper.xsa
TRACE::2026-02-14.20:19:21::SCWPlatform:: Unique name xilinx:zed::0.0
TRACE::2026-02-14.20:19:21::SCWPlatform::Trying to set the existing hwdb with name design_1_wrapper_1
TRACE::2026-02-14.20:19:21::SCWPlatform::Opened existing hwdb design_1_wrapper_1
TRACE::2026-02-14.20:19:21::SCWPlatform::Found the Hw Db part of the input DSA
TRACE::2026-02-14.20:19:21::SCWMssOS::Checking the sw design at  C:/Zynq_Book/vitis_workspace/zedboard_platform/ps7_cortexa9_1/standalone_ps7_cortexa9_1/bsp/system.mss
TRACE::2026-02-14.20:19:21::SCWMssOS::DEBUG:  swdes dump  C:/Zynq_Book/vitis_workspace/zedboard_platform/ps7_cortexa9_0/standalone_domain/bsp/system.mss|system||
C:/Zynq_Book/vitis_workspace/zedboard_platform/ps7_cortexa9_1/standalone_ps7_cortexa9_1/bsp/system.mss|system_0||

TRACE::2026-02-14.20:19:21::SCWMssOS::Sw design exists and opened at  C:/Zynq_Book/vitis_workspace/zedboard_platform/ps7_cortexa9_1/standalone_ps7_cortexa9_1/bsp/system.mss
TRACE::2026-02-14.20:19:21::SCWMssOS::Saving the mss changes C:/Zynq_Book/vitis_workspace/zedboard_platform/ps7_cortexa9_0/standalone_domain/bsp/system.mss
TRACE::2026-02-14.20:19:21::SCWMssOS::Found a swdesign opened with the mssfile.
TRACE::2026-02-14.20:19:21::SCWMssOS::Completed writemss as part of save.
TRACE::2026-02-14.20:19:21::SCWMssOS::Commit changes completed.
TRACE::2026-02-14.20:19:21::SCWMssOS::Saving the mss changes C:/Zynq_Book/vitis_workspace/zedboard_platform/ps7_cortexa9_1/standalone_ps7_cortexa9_1/bsp/system.mss
TRACE::2026-02-14.20:19:21::SCWMssOS::Found a swdesign opened with the mssfile.
TRACE::2026-02-14.20:19:21::SCWMssOS::Completed writemss as part of save.
TRACE::2026-02-14.20:19:21::SCWMssOS::Commit changes completed.
TRACE::2026-02-14.20:19:21::SCWPlatform::Trying to open the hw design at C:/Zynq_Book/vitis_workspace/zedboard_platform/hw/milestone_1_wrapper.xsa
TRACE::2026-02-14.20:19:21::SCWPlatform::DSA given C:/Zynq_Book/vitis_workspace/zedboard_platform/hw/milestone_1_wrapper.xsa
TRACE::2026-02-14.20:19:21::SCWPlatform::DSA absoulate path C:/Zynq_Book/vitis_workspace/zedboard_platform/hw/milestone_1_wrapper.xsa
TRACE::2026-02-14.20:19:21::SCWPlatform::DSA directory C:/Zynq_Book/vitis_workspace/zedboard_platform/hw
TRACE::2026-02-14.20:19:21::SCWPlatform:: Platform Path C:/Zynq_Book/vitis_workspace/zedboard_platform/hw/milestone_1_wrapper.xsa
TRACE::2026-02-14.20:19:21::SCWPlatform:: Unique name xilinx:zed::0.0
TRACE::2026-02-14.20:19:21::SCWPlatform::Trying to set the existing hwdb with name design_1_wrapper_1
TRACE::2026-02-14.20:19:21::SCWPlatform::Opened existing hwdb design_1_wrapper_1
TRACE::2026-02-14.20:19:21::SCWPlatform::Found the Hw Db part of the input DSA
TRACE::2026-02-14.20:19:21::SCWMssOS::Checking the sw design at  C:/Zynq_Book/vitis_workspace/zedboard_platform/ps7_cortexa9_0/standalone_domain/bsp/system.mss
TRACE::2026-02-14.20:19:21::SCWMssOS::DEBUG:  swdes dump  C:/Zynq_Book/vitis_workspace/zedboard_platform/ps7_cortexa9_0/standalone_domain/bsp/system.mss|system||
C:/Zynq_Book/vitis_workspace/zedboard_platform/ps7_cortexa9_1/standalone_ps7_cortexa9_1/bsp/system.mss|system_0||

TRACE::2026-02-14.20:19:21::SCWMssOS::Sw design exists and opened at  C:/Zynq_Book/vitis_workspace/zedboard_platform/ps7_cortexa9_0/standalone_domain/bsp/system.mss
TRACE::2026-02-14.20:19:21::SCWPlatform::Trying to open the hw design at C:/Zynq_Book/vitis_workspace/zedboard_platform/hw/milestone_1_wrapper.xsa
TRACE::2026-02-14.20:19:21::SCWPlatform::DSA given C:/Zynq_Book/vitis_workspace/zedboard_platform/hw/milestone_1_wrapper.xsa
TRACE::2026-02-14.20:19:21::SCWPlatform::DSA absoulate path C:/Zynq_Book/vitis_workspace/zedboard_platform/hw/milestone_1_wrapper.xsa
TRACE::2026-02-14.20:19:21::SCWPlatform::DSA directory C:/Zynq_Book/vitis_workspace/zedboard_platform/hw
TRACE::2026-02-14.20:19:21::SCWPlatform:: Platform Path C:/Zynq_Book/vitis_workspace/zedboard_platform/hw/milestone_1_wrapper.xsa
TRACE::2026-02-14.20:19:21::SCWPlatform:: Unique name xilinx:zed::0.0
TRACE::2026-02-14.20:19:21::SCWPlatform::Trying to set the existing hwdb with name design_1_wrapper_1
TRACE::2026-02-14.20:19:21::SCWPlatform::Opened existing hwdb design_1_wrapper_1
TRACE::2026-02-14.20:19:21::SCWPlatform::Found the Hw Db part of the input DSA
TRACE::2026-02-14.20:19:21::SCWMssOS::Checking the sw design at  C:/Zynq_Book/vitis_workspace/zedboard_platform/ps7_cortexa9_1/standalone_ps7_cortexa9_1/bsp/system.mss
TRACE::2026-02-14.20:19:21::SCWMssOS::DEBUG:  swdes dump  C:/Zynq_Book/vitis_workspace/zedboard_platform/ps7_cortexa9_0/standalone_domain/bsp/system.mss|system||
C:/Zynq_Book/vitis_workspace/zedboard_platform/ps7_cortexa9_1/standalone_ps7_cortexa9_1/bsp/system.mss|system_0||

TRACE::2026-02-14.20:19:21::SCWMssOS::Sw design exists and opened at  C:/Zynq_Book/vitis_workspace/zedboard_platform/ps7_cortexa9_1/standalone_ps7_cortexa9_1/bsp/system.mss
TRACE::2026-02-14.20:19:21::SCWPlatform::Trying to open the hw design at C:/Zynq_Book/vitis_workspace/zedboard_platform/hw/milestone_1_wrapper.xsa
TRACE::2026-02-14.20:19:21::SCWPlatform::DSA given C:/Zynq_Book/vitis_workspace/zedboard_platform/hw/milestone_1_wrapper.xsa
TRACE::2026-02-14.20:19:21::SCWPlatform::DSA absoulate path C:/Zynq_Book/vitis_workspace/zedboard_platform/hw/milestone_1_wrapper.xsa
TRACE::2026-02-14.20:19:21::SCWPlatform::DSA directory C:/Zynq_Book/vitis_workspace/zedboard_platform/hw
TRACE::2026-02-14.20:19:21::SCWPlatform:: Platform Path C:/Zynq_Book/vitis_workspace/zedboard_platform/hw/milestone_1_wrapper.xsa
TRACE::2026-02-14.20:19:21::SCWPlatform:: Unique name xilinx:zed::0.0
TRACE::2026-02-14.20:19:21::SCWPlatform::Trying to set the existing hwdb with name design_1_wrapper_1
TRACE::2026-02-14.20:19:21::SCWPlatform::Opened existing hwdb design_1_wrapper_1
TRACE::2026-02-14.20:19:21::SCWPlatform::Found the Hw Db part of the input DSA
TRACE::2026-02-14.20:19:21::SCWMssOS::Checking the sw design at  C:/Zynq_Book/vitis_workspace/zedboard_platform/ps7_cortexa9_1/standalone_ps7_cortexa9_1/bsp/system.mss
TRACE::2026-02-14.20:19:21::SCWMssOS::DEBUG:  swdes dump  C:/Zynq_Book/vitis_workspace/zedboard_platform/ps7_cortexa9_0/standalone_domain/bsp/system.mss|system||
C:/Zynq_Book/vitis_workspace/zedboard_platform/ps7_cortexa9_1/standalone_ps7_cortexa9_1/bsp/system.mss|system_0||

TRACE::2026-02-14.20:19:21::SCWMssOS::Sw design exists and opened at  C:/Zynq_Book/vitis_workspace/zedboard_platform/ps7_cortexa9_1/standalone_ps7_cortexa9_1/bsp/system.mss
TRACE::2026-02-14.20:19:21::SCWPlatform::Trying to open the hw design at C:/Zynq_Book/vitis_workspace/zedboard_platform/hw/milestone_1_wrapper.xsa
TRACE::2026-02-14.20:19:21::SCWPlatform::DSA given C:/Zynq_Book/vitis_workspace/zedboard_platform/hw/milestone_1_wrapper.xsa
TRACE::2026-02-14.20:19:21::SCWPlatform::DSA absoulate path C:/Zynq_Book/vitis_workspace/zedboard_platform/hw/milestone_1_wrapper.xsa
TRACE::2026-02-14.20:19:21::SCWPlatform::DSA directory C:/Zynq_Book/vitis_workspace/zedboard_platform/hw
TRACE::2026-02-14.20:19:21::SCWPlatform:: Platform Path C:/Zynq_Book/vitis_workspace/zedboard_platform/hw/milestone_1_wrapper.xsa
TRACE::2026-02-14.20:19:21::SCWPlatform:: Unique name xilinx:zed::0.0
TRACE::2026-02-14.20:19:21::SCWPlatform::Trying to set the existing hwdb with name design_1_wrapper_1
TRACE::2026-02-14.20:19:21::SCWPlatform::Opened existing hwdb design_1_wrapper_1
TRACE::2026-02-14.20:19:21::SCWPlatform::Found the Hw Db part of the input DSA
TRACE::2026-02-14.20:19:21::SCWMssOS::Checking the sw design at  C:/Zynq_Book/vitis_workspace/zedboard_platform/ps7_cortexa9_1/standalone_ps7_cortexa9_1/bsp/system.mss
TRACE::2026-02-14.20:19:21::SCWMssOS::DEBUG:  swdes dump  C:/Zynq_Book/vitis_workspace/zedboard_platform/ps7_cortexa9_0/standalone_domain/bsp/system.mss|system||
C:/Zynq_Book/vitis_workspace/zedboard_platform/ps7_cortexa9_1/standalone_ps7_cortexa9_1/bsp/system.mss|system_0||

TRACE::2026-02-14.20:19:21::SCWMssOS::Sw design exists and opened at  C:/Zynq_Book/vitis_workspace/zedboard_platform/ps7_cortexa9_1/standalone_ps7_cortexa9_1/bsp/system.mss
TRACE::2026-02-14.20:19:21::SCWWriter::formatted JSON is {
	"platformName":	"zedboard_platform",
	"sprVersion":	"2.0",
	"mode":	"gui",
	"dsaType":	"Fixed",
	"platformDesc":	"zedboard_platform",
	"platHandOff":	"C:/Zynq_Book/vga_tutorial/vga_tutorial/milestone_1_wrapper.xsa",
	"platIntHandOff":	"<platformDir>/hw/milestone_1_wrapper.xsa",
	"deviceType":	"zynq",
	"platIsPrebuiltAutogen":	"false",
	"platIsNoBootBsp":	"true",
	"hasFsblMakeHasChanges":	"false",
	"hasPmufwMakeHasChanges":	"false",
	"platPreBuiltFlag":	false,
	"platformSamplesDir":	"",
	"platActiveSys":	"zedboard_platform",
	"systems":	[{
			"systemName":	"zedboard_platform",
			"systemDesc":	"zedboard_platform",
			"sysIsBootAutoGen":	"true",
			"systemDispName":	"zedboard_platform",
			"sysActiveDom":	"standalone_ps7_cortexa9_1",
			"sysDefaultDom":	"standalone_ps7_cortexa9_1",
			"domains":	[{
					"domainName":	"standalone_domain",
					"domainDispName":	"standalone on ps7_cortexa9_0",
					"domainDesc":	"standalone_domain",
					"processors":	"ps7_cortexa9_0",
					"os":	"standalone",
					"sdxOs":	"standalone",
					"qemuArgs":	"C:/Xilinx/Vitis/2020.2/data/emulation/platforms/zynq/sw/a9_standalone/qemu/qemu_args.txt",
					"qemuData":	"C:/Xilinx/Vitis/2020.2/data/emulation/platforms/zynq/sw/a9_standalone/qemu/",
					"debugEnable":	"False",
					"domRuntimes":	["cpp"],
					"swRepo":	"",
					"mssOsVer":	"7.3",
					"mssFile":	"",
					"md5Digest":	"87dac8935c403fb645452bd32d4e4813",
					"compatibleApp":	"",
					"domType":	"mssDomain",
					"appSettings":	{
						"appCompilerFlags":	"",
						"appLinkerFlags":	""
					},
					"addedLibs":	[],
					"libOptions":	{
						"libsContainingOptions":	[]
					},
					"prebuiltLibs":	{
						"prebuiltIncPath":	[],
						"prebuiltLibPath":	[]
					},
					"isolation":	{
					}
				}, {
					"domainName":	"standalone_ps7_cortexa9_1",
					"domainDispName":	"standalone_ps7_cortexa9_1",
					"domainDesc":	"",
					"processors":	"ps7_cortexa9_1",
					"os":	"standalone",
					"sdxOs":	"standalone",
					"qemuArgs":	"C:/Xilinx/Vitis/2020.2/data/emulation/platforms/zynq/sw/a9_standalone/qemu/qemu_args.txt",
					"qemuData":	"C:/Xilinx/Vitis/2020.2/data/emulation/platforms/zynq/sw/a9_standalone/qemu/",
					"debugEnable":	"False",
					"domRuntimes":	["cpp"],
					"swRepo":	"",
					"mssOsVer":	"7.3",
					"mssFile":	"",
					"md5Digest":	"a2b199d5aef09cfd8404b0a122d0ad45",
					"compatibleApp":	"",
					"domType":	"mssDomain",
					"arch":	"32-bit",
					"appSettings":	{
						"appCompilerFlags":	"",
						"appLinkerFlags":	""
					},
					"addedLibs":	[],
					"libOptions":	{
						"libsContainingOptions":	[]
					},
					"prebuiltLibs":	{
						"prebuiltIncPath":	[],
						"prebuiltLibPath":	[]
					},
					"isolation":	{
					}
				}]
		}]
}
TRACE::2026-02-14.20:19:21::SCWPlatform::Trying to open the hw design at C:/Zynq_Book/vitis_workspace/zedboard_platform/hw/milestone_1_wrapper.xsa
TRACE::2026-02-14.20:19:21::SCWPlatform::DSA given C:/Zynq_Book/vitis_workspace/zedboard_platform/hw/milestone_1_wrapper.xsa
TRACE::2026-02-14.20:19:21::SCWPlatform::DSA absoulate path C:/Zynq_Book/vitis_workspace/zedboard_platform/hw/milestone_1_wrapper.xsa
TRACE::2026-02-14.20:19:21::SCWPlatform::DSA directory C:/Zynq_Book/vitis_workspace/zedboard_platform/hw
TRACE::2026-02-14.20:19:21::SCWPlatform:: Platform Path C:/Zynq_Book/vitis_workspace/zedboard_platform/hw/milestone_1_wrapper.xsa
TRACE::2026-02-14.20:19:21::SCWPlatform:: Unique name xilinx:zed::0.0
TRACE::2026-02-14.20:19:21::SCWPlatform::Trying to set the existing hwdb with name design_1_wrapper_1
TRACE::2026-02-14.20:19:21::SCWPlatform::Opened existing hwdb design_1_wrapper_1
TRACE::2026-02-14.20:19:21::SCWPlatform::Found the Hw Db part of the input DSA
TRACE::2026-02-14.20:19:21::SCWMssOS::Checking the sw design at  C:/Zynq_Book/vitis_workspace/zedboard_platform/ps7_cortexa9_0/standalone_domain/bsp/system.mss
TRACE::2026-02-14.20:19:21::SCWMssOS::DEBUG:  swdes dump  C:/Zynq_Book/vitis_workspace/zedboard_platform/ps7_cortexa9_0/standalone_domain/bsp/system.mss|system||
C:/Zynq_Book/vitis_workspace/zedboard_platform/ps7_cortexa9_1/standalone_ps7_cortexa9_1/bsp/system.mss|system_0||

TRACE::2026-02-14.20:19:21::SCWMssOS::Sw design exists and opened at  C:/Zynq_Book/vitis_workspace/zedboard_platform/ps7_cortexa9_0/standalone_domain/bsp/system.mss
TRACE::2026-02-14.20:19:21::SCWPlatform::Trying to open the hw design at C:/Zynq_Book/vitis_workspace/zedboard_platform/hw/milestone_1_wrapper.xsa
TRACE::2026-02-14.20:19:21::SCWPlatform::DSA given C:/Zynq_Book/vitis_workspace/zedboard_platform/hw/milestone_1_wrapper.xsa
TRACE::2026-02-14.20:19:21::SCWPlatform::DSA absoulate path C:/Zynq_Book/vitis_workspace/zedboard_platform/hw/milestone_1_wrapper.xsa
TRACE::2026-02-14.20:19:21::SCWPlatform::DSA directory C:/Zynq_Book/vitis_workspace/zedboard_platform/hw
TRACE::2026-02-14.20:19:21::SCWPlatform:: Platform Path C:/Zynq_Book/vitis_workspace/zedboard_platform/hw/milestone_1_wrapper.xsa
TRACE::2026-02-14.20:19:21::SCWPlatform:: Unique name xilinx:zed::0.0
TRACE::2026-02-14.20:19:21::SCWPlatform::Trying to set the existing hwdb with name design_1_wrapper_1
TRACE::2026-02-14.20:19:21::SCWPlatform::Opened existing hwdb design_1_wrapper_1
TRACE::2026-02-14.20:19:21::SCWPlatform::Found the Hw Db part of the input DSA
TRACE::2026-02-14.20:19:21::SCWMssOS::Checking the sw design at  C:/Zynq_Book/vitis_workspace/zedboard_platform/ps7_cortexa9_1/standalone_ps7_cortexa9_1/bsp/system.mss
TRACE::2026-02-14.20:19:21::SCWMssOS::DEBUG:  swdes dump  C:/Zynq_Book/vitis_workspace/zedboard_platform/ps7_cortexa9_0/standalone_domain/bsp/system.mss|system||
C:/Zynq_Book/vitis_workspace/zedboard_platform/ps7_cortexa9_1/standalone_ps7_cortexa9_1/bsp/system.mss|system_0||

TRACE::2026-02-14.20:19:21::SCWMssOS::Sw design exists and opened at  C:/Zynq_Book/vitis_workspace/zedboard_platform/ps7_cortexa9_1/standalone_ps7_cortexa9_1/bsp/system.mss
TRACE::2026-02-14.20:19:21::SCWPlatform::Trying to open the hw design at C:/Zynq_Book/vitis_workspace/zedboard_platform/hw/milestone_1_wrapper.xsa
TRACE::2026-02-14.20:19:21::SCWPlatform::DSA given C:/Zynq_Book/vitis_workspace/zedboard_platform/hw/milestone_1_wrapper.xsa
TRACE::2026-02-14.20:19:21::SCWPlatform::DSA absoulate path C:/Zynq_Book/vitis_workspace/zedboard_platform/hw/milestone_1_wrapper.xsa
TRACE::2026-02-14.20:19:21::SCWPlatform::DSA directory C:/Zynq_Book/vitis_workspace/zedboard_platform/hw
TRACE::2026-02-14.20:19:21::SCWPlatform:: Platform Path C:/Zynq_Book/vitis_workspace/zedboard_platform/hw/milestone_1_wrapper.xsa
TRACE::2026-02-14.20:19:21::SCWPlatform:: Unique name xilinx:zed::0.0
TRACE::2026-02-14.20:19:21::SCWPlatform::Trying to set the existing hwdb with name design_1_wrapper_1
TRACE::2026-02-14.20:19:21::SCWPlatform::Opened existing hwdb design_1_wrapper_1
TRACE::2026-02-14.20:19:21::SCWPlatform::Found the Hw Db part of the input DSA
TRACE::2026-02-14.20:19:21::SCWMssOS::Checking the sw design at  C:/Zynq_Book/vitis_workspace/zedboard_platform/ps7_cortexa9_1/standalone_ps7_cortexa9_1/bsp/system.mss
TRACE::2026-02-14.20:19:21::SCWMssOS::DEBUG:  swdes dump  C:/Zynq_Book/vitis_workspace/zedboard_platform/ps7_cortexa9_0/standalone_domain/bsp/system.mss|system||
C:/Zynq_Book/vitis_workspace/zedboard_platform/ps7_cortexa9_1/standalone_ps7_cortexa9_1/bsp/system.mss|system_0||

TRACE::2026-02-14.20:19:21::SCWMssOS::Sw design exists and opened at  C:/Zynq_Book/vitis_workspace/zedboard_platform/ps7_cortexa9_1/standalone_ps7_cortexa9_1/bsp/system.mss
TRACE::2026-02-14.20:19:21::SCWMssOS::Saving the mss changes C:/Zynq_Book/vitis_workspace/zedboard_platform/ps7_cortexa9_0/standalone_domain/bsp/system.mss
TRACE::2026-02-14.20:19:21::SCWMssOS::Found a swdesign opened with the mssfile.
TRACE::2026-02-14.20:19:21::SCWMssOS::Completed writemss as part of save.
TRACE::2026-02-14.20:19:21::SCWMssOS::Commit changes completed.
TRACE::2026-02-14.20:19:21::SCWMssOS::Saving the mss changes C:/Zynq_Book/vitis_workspace/zedboard_platform/ps7_cortexa9_1/standalone_ps7_cortexa9_1/bsp/system.mss
TRACE::2026-02-14.20:19:21::SCWMssOS::Found a swdesign opened with the mssfile.
TRACE::2026-02-14.20:19:21::SCWMssOS::Completed writemss as part of save.
TRACE::2026-02-14.20:19:21::SCWMssOS::Commit changes completed.
TRACE::2026-02-14.20:19:21::SCWPlatform::Trying to open the hw design at C:/Zynq_Book/vitis_workspace/zedboard_platform/hw/milestone_1_wrapper.xsa
TRACE::2026-02-14.20:19:21::SCWPlatform::DSA given C:/Zynq_Book/vitis_workspace/zedboard_platform/hw/milestone_1_wrapper.xsa
TRACE::2026-02-14.20:19:21::SCWPlatform::DSA absoulate path C:/Zynq_Book/vitis_workspace/zedboard_platform/hw/milestone_1_wrapper.xsa
TRACE::2026-02-14.20:19:21::SCWPlatform::DSA directory C:/Zynq_Book/vitis_workspace/zedboard_platform/hw
TRACE::2026-02-14.20:19:21::SCWPlatform:: Platform Path C:/Zynq_Book/vitis_workspace/zedboard_platform/hw/milestone_1_wrapper.xsa
TRACE::2026-02-14.20:19:21::SCWPlatform:: Unique name xilinx:zed::0.0
TRACE::2026-02-14.20:19:21::SCWPlatform::Trying to set the existing hwdb with name design_1_wrapper_1
TRACE::2026-02-14.20:19:21::SCWPlatform::Opened existing hwdb design_1_wrapper_1
TRACE::2026-02-14.20:19:21::SCWPlatform::Found the Hw Db part of the input DSA
TRACE::2026-02-14.20:19:21::SCWMssOS::Checking the sw design at  C:/Zynq_Book/vitis_workspace/zedboard_platform/ps7_cortexa9_0/standalone_domain/bsp/system.mss
TRACE::2026-02-14.20:19:21::SCWMssOS::DEBUG:  swdes dump  C:/Zynq_Book/vitis_workspace/zedboard_platform/ps7_cortexa9_0/standalone_domain/bsp/system.mss|system||
C:/Zynq_Book/vitis_workspace/zedboard_platform/ps7_cortexa9_1/standalone_ps7_cortexa9_1/bsp/system.mss|system_0||

TRACE::2026-02-14.20:19:21::SCWMssOS::Sw design exists and opened at  C:/Zynq_Book/vitis_workspace/zedboard_platform/ps7_cortexa9_0/standalone_domain/bsp/system.mss
TRACE::2026-02-14.20:19:21::SCWPlatform::Trying to open the hw design at C:/Zynq_Book/vitis_workspace/zedboard_platform/hw/milestone_1_wrapper.xsa
TRACE::2026-02-14.20:19:21::SCWPlatform::DSA given C:/Zynq_Book/vitis_workspace/zedboard_platform/hw/milestone_1_wrapper.xsa
TRACE::2026-02-14.20:19:21::SCWPlatform::DSA absoulate path C:/Zynq_Book/vitis_workspace/zedboard_platform/hw/milestone_1_wrapper.xsa
TRACE::2026-02-14.20:19:21::SCWPlatform::DSA directory C:/Zynq_Book/vitis_workspace/zedboard_platform/hw
TRACE::2026-02-14.20:19:21::SCWPlatform:: Platform Path C:/Zynq_Book/vitis_workspace/zedboard_platform/hw/milestone_1_wrapper.xsa
TRACE::2026-02-14.20:19:21::SCWPlatform:: Unique name xilinx:zed::0.0
TRACE::2026-02-14.20:19:21::SCWPlatform::Trying to set the existing hwdb with name design_1_wrapper_1
TRACE::2026-02-14.20:19:21::SCWPlatform::Opened existing hwdb design_1_wrapper_1
TRACE::2026-02-14.20:19:21::SCWPlatform::Found the Hw Db part of the input DSA
TRACE::2026-02-14.20:19:21::SCWMssOS::Checking the sw design at  C:/Zynq_Book/vitis_workspace/zedboard_platform/ps7_cortexa9_1/standalone_ps7_cortexa9_1/bsp/system.mss
TRACE::2026-02-14.20:19:21::SCWMssOS::DEBUG:  swdes dump  C:/Zynq_Book/vitis_workspace/zedboard_platform/ps7_cortexa9_0/standalone_domain/bsp/system.mss|system||
C:/Zynq_Book/vitis_workspace/zedboard_platform/ps7_cortexa9_1/standalone_ps7_cortexa9_1/bsp/system.mss|system_0||

TRACE::2026-02-14.20:19:21::SCWMssOS::Sw design exists and opened at  C:/Zynq_Book/vitis_workspace/zedboard_platform/ps7_cortexa9_1/standalone_ps7_cortexa9_1/bsp/system.mss
TRACE::2026-02-14.20:19:21::SCWPlatform::Trying to open the hw design at C:/Zynq_Book/vitis_workspace/zedboard_platform/hw/milestone_1_wrapper.xsa
TRACE::2026-02-14.20:19:21::SCWPlatform::DSA given C:/Zynq_Book/vitis_workspace/zedboard_platform/hw/milestone_1_wrapper.xsa
TRACE::2026-02-14.20:19:21::SCWPlatform::DSA absoulate path C:/Zynq_Book/vitis_workspace/zedboard_platform/hw/milestone_1_wrapper.xsa
TRACE::2026-02-14.20:19:21::SCWPlatform::DSA directory C:/Zynq_Book/vitis_workspace/zedboard_platform/hw
TRACE::2026-02-14.20:19:21::SCWPlatform:: Platform Path C:/Zynq_Book/vitis_workspace/zedboard_platform/hw/milestone_1_wrapper.xsa
TRACE::2026-02-14.20:19:21::SCWPlatform:: Unique name xilinx:zed::0.0
TRACE::2026-02-14.20:19:21::SCWPlatform::Trying to set the existing hwdb with name design_1_wrapper_1
TRACE::2026-02-14.20:19:21::SCWPlatform::Opened existing hwdb design_1_wrapper_1
TRACE::2026-02-14.20:19:21::SCWPlatform::Found the Hw Db part of the input DSA
TRACE::2026-02-14.20:19:21::SCWMssOS::Checking the sw design at  C:/Zynq_Book/vitis_workspace/zedboard_platform/ps7_cortexa9_1/standalone_ps7_cortexa9_1/bsp/system.mss
TRACE::2026-02-14.20:19:21::SCWMssOS::DEBUG:  swdes dump  C:/Zynq_Book/vitis_workspace/zedboard_platform/ps7_cortexa9_0/standalone_domain/bsp/system.mss|system||
C:/Zynq_Book/vitis_workspace/zedboard_platform/ps7_cortexa9_1/standalone_ps7_cortexa9_1/bsp/system.mss|system_0||

TRACE::2026-02-14.20:19:21::SCWMssOS::Sw design exists and opened at  C:/Zynq_Book/vitis_workspace/zedboard_platform/ps7_cortexa9_1/standalone_ps7_cortexa9_1/bsp/system.mss
TRACE::2026-02-14.20:19:21::SCWPlatform::Trying to open the hw design at C:/Zynq_Book/vitis_workspace/zedboard_platform/hw/milestone_1_wrapper.xsa
TRACE::2026-02-14.20:19:21::SCWPlatform::DSA given C:/Zynq_Book/vitis_workspace/zedboard_platform/hw/milestone_1_wrapper.xsa
TRACE::2026-02-14.20:19:21::SCWPlatform::DSA absoulate path C:/Zynq_Book/vitis_workspace/zedboard_platform/hw/milestone_1_wrapper.xsa
TRACE::2026-02-14.20:19:21::SCWPlatform::DSA directory C:/Zynq_Book/vitis_workspace/zedboard_platform/hw
TRACE::2026-02-14.20:19:21::SCWPlatform:: Platform Path C:/Zynq_Book/vitis_workspace/zedboard_platform/hw/milestone_1_wrapper.xsa
TRACE::2026-02-14.20:19:21::SCWPlatform:: Unique name xilinx:zed::0.0
TRACE::2026-02-14.20:19:21::SCWPlatform::Trying to set the existing hwdb with name design_1_wrapper_1
TRACE::2026-02-14.20:19:21::SCWPlatform::Opened existing hwdb design_1_wrapper_1
TRACE::2026-02-14.20:19:21::SCWPlatform::Found the Hw Db part of the input DSA
TRACE::2026-02-14.20:19:21::SCWMssOS::Checking the sw design at  C:/Zynq_Book/vitis_workspace/zedboard_platform/ps7_cortexa9_1/standalone_ps7_cortexa9_1/bsp/system.mss
TRACE::2026-02-14.20:19:21::SCWMssOS::DEBUG:  swdes dump  C:/Zynq_Book/vitis_workspace/zedboard_platform/ps7_cortexa9_0/standalone_domain/bsp/system.mss|system||
C:/Zynq_Book/vitis_workspace/zedboard_platform/ps7_cortexa9_1/standalone_ps7_cortexa9_1/bsp/system.mss|system_0||

TRACE::2026-02-14.20:19:21::SCWMssOS::Sw design exists and opened at  C:/Zynq_Book/vitis_workspace/zedboard_platform/ps7_cortexa9_1/standalone_ps7_cortexa9_1/bsp/system.mss
TRACE::2026-02-14.20:19:21::SCWWriter::formatted JSON is {
	"platformName":	"zedboard_platform",
	"sprVersion":	"2.0",
	"mode":	"gui",
	"dsaType":	"Fixed",
	"platformDesc":	"zedboard_platform",
	"platHandOff":	"C:/Zynq_Book/vga_tutorial/vga_tutorial/milestone_1_wrapper.xsa",
	"platIntHandOff":	"<platformDir>/hw/milestone_1_wrapper.xsa",
	"deviceType":	"zynq",
	"platIsPrebuiltAutogen":	"false",
	"platIsNoBootBsp":	"true",
	"hasFsblMakeHasChanges":	"false",
	"hasPmufwMakeHasChanges":	"false",
	"platPreBuiltFlag":	false,
	"platformSamplesDir":	"",
	"platActiveSys":	"zedboard_platform",
	"systems":	[{
			"systemName":	"zedboard_platform",
			"systemDesc":	"zedboard_platform",
			"sysIsBootAutoGen":	"true",
			"systemDispName":	"zedboard_platform",
			"sysActiveDom":	"standalone_ps7_cortexa9_1",
			"sysDefaultDom":	"standalone_ps7_cortexa9_1",
			"domains":	[{
					"domainName":	"standalone_domain",
					"domainDispName":	"standalone on ps7_cortexa9_0",
					"domainDesc":	"standalone_domain",
					"processors":	"ps7_cortexa9_0",
					"os":	"standalone",
					"sdxOs":	"standalone",
					"qemuArgs":	"C:/Xilinx/Vitis/2020.2/data/emulation/platforms/zynq/sw/a9_standalone/qemu/qemu_args.txt",
					"qemuData":	"C:/Xilinx/Vitis/2020.2/data/emulation/platforms/zynq/sw/a9_standalone/qemu/",
					"debugEnable":	"False",
					"domRuntimes":	["cpp"],
					"swRepo":	"",
					"mssOsVer":	"7.3",
					"mssFile":	"",
					"md5Digest":	"87dac8935c403fb645452bd32d4e4813",
					"compatibleApp":	"",
					"domType":	"mssDomain",
					"appSettings":	{
						"appCompilerFlags":	"",
						"appLinkerFlags":	""
					},
					"addedLibs":	[],
					"libOptions":	{
						"libsContainingOptions":	[]
					},
					"prebuiltLibs":	{
						"prebuiltIncPath":	[],
						"prebuiltLibPath":	[]
					},
					"isolation":	{
					}
				}, {
					"domainName":	"standalone_ps7_cortexa9_1",
					"domainDispName":	"standalone_ps7_cortexa9_1",
					"domainDesc":	"",
					"processors":	"ps7_cortexa9_1",
					"os":	"standalone",
					"sdxOs":	"standalone",
					"qemuArgs":	"C:/Xilinx/Vitis/2020.2/data/emulation/platforms/zynq/sw/a9_standalone/qemu/qemu_args.txt",
					"qemuData":	"C:/Xilinx/Vitis/2020.2/data/emulation/platforms/zynq/sw/a9_standalone/qemu/",
					"debugEnable":	"False",
					"domRuntimes":	["cpp"],
					"swRepo":	"",
					"mssOsVer":	"7.3",
					"mssFile":	"",
					"md5Digest":	"a2b199d5aef09cfd8404b0a122d0ad45",
					"compatibleApp":	"",
					"domType":	"mssDomain",
					"arch":	"32-bit",
					"appSettings":	{
						"appCompilerFlags":	"",
						"appLinkerFlags":	""
					},
					"addedLibs":	[],
					"libOptions":	{
						"libsContainingOptions":	[]
					},
					"prebuiltLibs":	{
						"prebuiltIncPath":	[],
						"prebuiltLibPath":	[]
					},
					"isolation":	{
					}
				}]
		}]
}
TRACE::2026-02-14.20:19:21::SCWPlatform::Trying to open the hw design at C:/Zynq_Book/vitis_workspace/zedboard_platform/hw/milestone_1_wrapper.xsa
TRACE::2026-02-14.20:19:21::SCWPlatform::DSA given C:/Zynq_Book/vitis_workspace/zedboard_platform/hw/milestone_1_wrapper.xsa
TRACE::2026-02-14.20:19:21::SCWPlatform::DSA absoulate path C:/Zynq_Book/vitis_workspace/zedboard_platform/hw/milestone_1_wrapper.xsa
TRACE::2026-02-14.20:19:21::SCWPlatform::DSA directory C:/Zynq_Book/vitis_workspace/zedboard_platform/hw
TRACE::2026-02-14.20:19:21::SCWPlatform:: Platform Path C:/Zynq_Book/vitis_workspace/zedboard_platform/hw/milestone_1_wrapper.xsa
TRACE::2026-02-14.20:19:21::SCWPlatform:: Unique name xilinx:zed::0.0
TRACE::2026-02-14.20:19:21::SCWPlatform::Trying to set the existing hwdb with name design_1_wrapper_1
TRACE::2026-02-14.20:19:21::SCWPlatform::Opened existing hwdb design_1_wrapper_1
TRACE::2026-02-14.20:19:21::SCWPlatform::Found the Hw Db part of the input DSA
TRACE::2026-02-14.20:19:21::SCWMssOS::Checking the sw design at  C:/Zynq_Book/vitis_workspace/zedboard_platform/ps7_cortexa9_1/standalone_ps7_cortexa9_1/bsp/system.mss
TRACE::2026-02-14.20:19:21::SCWMssOS::DEBUG:  swdes dump  C:/Zynq_Book/vitis_workspace/zedboard_platform/ps7_cortexa9_0/standalone_domain/bsp/system.mss|system||
C:/Zynq_Book/vitis_workspace/zedboard_platform/ps7_cortexa9_1/standalone_ps7_cortexa9_1/bsp/system.mss|system_0||

TRACE::2026-02-14.20:19:21::SCWMssOS::Sw design exists and opened at  C:/Zynq_Book/vitis_workspace/zedboard_platform/ps7_cortexa9_1/standalone_ps7_cortexa9_1/bsp/system.mss
TRACE::2026-02-14.20:19:26::SCWMssOS::cleaning the bsp 
TRACE::2026-02-14.20:19:26::SCWMssOS::System Command Ran  C: & cd  C:/Zynq_Book/vitis_workspace/zedboard_platform/ps7_cortexa9_0/standalone_domain/bsp & make clean 
TRACE::2026-02-14.20:19:26::SCWMssOS::make -C ps7_cortexa9_0/libsrc/coresightps_dcc_v1_8/src -s clean 

TRACE::2026-02-14.20:19:26::SCWMssOS::make -C ps7_cortexa9_0/libsrc/cpu_cortexa9_v2_10/src -s clean 

TRACE::2026-02-14.20:19:26::SCWMssOS::make -C ps7_cortexa9_0/libsrc/ddrps_v1_2/src -s clean 

TRACE::2026-02-14.20:19:26::SCWMssOS::make -C ps7_cortexa9_0/libsrc/devcfg_v3_7/src -s clean 

TRACE::2026-02-14.20:19:27::SCWMssOS::make -C ps7_cortexa9_0/libsrc/dmaps_v2_7/src -s clean 

TRACE::2026-02-14.20:19:27::SCWMssOS::make -C ps7_cortexa9_0/libsrc/emacps_v3_12/src -s clean 

TRACE::2026-02-14.20:19:27::SCWMssOS::make -C ps7_cortexa9_0/libsrc/gpiops_v3_8/src -s clean 

TRACE::2026-02-14.20:19:27::SCWMssOS::make -C ps7_cortexa9_0/libsrc/gpio_v4_7/src -s clean 

TRACE::2026-02-14.20:19:27::SCWMssOS::make -C ps7_cortexa9_0/libsrc/iicps_v3_12/src -s clean 

TRACE::2026-02-14.20:19:27::SCWMssOS::make -C ps7_cortexa9_0/libsrc/qspips_v3_8/src -s clean 

TRACE::2026-02-14.20:19:27::SCWMssOS::make -C ps7_cortexa9_0/libsrc/scugic_v4_3/src -s clean 

TRACE::2026-02-14.20:19:27::SCWMssOS::make -C ps7_cortexa9_0/libsrc/scutimer_v2_3/src -s clean 

TRACE::2026-02-14.20:19:27::SCWMssOS::make -C ps7_cortexa9_0/libsrc/scuwdt_v2_3/src -s clean 

TRACE::2026-02-14.20:19:28::SCWMssOS::make -C ps7_cortexa9_0/libsrc/sdps_v3_10/src -s clean 

TRACE::2026-02-14.20:19:28::SCWMssOS::make -C ps7_cortexa9_0/libsrc/standalone_v7_3/src -s clean 

TRACE::2026-02-14.20:19:28::SCWMssOS::make -C ps7_cortexa9_0/libsrc/tmrctr_v4_7/src -s clean 

TRACE::2026-02-14.20:19:28::SCWMssOS::make -C ps7_cortexa9_0/libsrc/ttcps_v3_12/src -s clean 

TRACE::2026-02-14.20:19:28::SCWMssOS::make -C ps7_cortexa9_0/libsrc/uartps_v3_10/src -s clean 

TRACE::2026-02-14.20:19:28::SCWMssOS::make -C ps7_cortexa9_0/libsrc/usbps_v2_6/src -s clean 

TRACE::2026-02-14.20:19:28::SCWMssOS::make -C ps7_cortexa9_0/libsrc/xadcps_v2_5/src -s clean 

TRACE::2026-02-14.20:19:29::SCWMssOS::rm -f ps7_cortexa9_0/lib/libxil.a

TRACE::2026-02-14.20:19:29::SCWMssOS::cleaning the bsp 
TRACE::2026-02-14.20:19:29::SCWMssOS::System Command Ran  C: & cd  C:/Zynq_Book/vitis_workspace/zedboard_platform/ps7_cortexa9_1/standalone_ps7_cortexa9_1/bsp & make clean 
TRACE::2026-02-14.20:19:29::SCWMssOS::make -C ps7_cortexa9_1/libsrc/coresightps_dcc_v1_8/src -s clean 

TRACE::2026-02-14.20:19:29::SCWMssOS::make -C ps7_cortexa9_1/libsrc/cpu_cortexa9_v2_10/src -s clean 

TRACE::2026-02-14.20:19:29::SCWMssOS::make -C ps7_cortexa9_1/libsrc/ddrps_v1_2/src -s clean 

TRACE::2026-02-14.20:19:29::SCWMssOS::make -C ps7_cortexa9_1/libsrc/devcfg_v3_7/src -s clean 

TRACE::2026-02-14.20:19:29::SCWMssOS::make -C ps7_cortexa9_1/libsrc/dmaps_v2_7/src -s clean 

TRACE::2026-02-14.20:19:29::SCWMssOS::make -C ps7_cortexa9_1/libsrc/emacps_v3_12/src -s clean 

TRACE::2026-02-14.20:19:29::SCWMssOS::make -C ps7_cortexa9_1/libsrc/gpiops_v3_8/src -s clean 

TRACE::2026-02-14.20:19:29::SCWMssOS::make -C ps7_cortexa9_1/libsrc/gpio_v4_7/src -s clean 

TRACE::2026-02-14.20:19:29::SCWMssOS::make -C ps7_cortexa9_1/libsrc/iicps_v3_12/src -s clean 

TRACE::2026-02-14.20:19:29::SCWMssOS::make -C ps7_cortexa9_1/libsrc/qspips_v3_8/src -s clean 

TRACE::2026-02-14.20:19:29::SCWMssOS::make -C ps7_cortexa9_1/libsrc/scugic_v4_3/src -s clean 

TRACE::2026-02-14.20:19:29::SCWMssOS::make -C ps7_cortexa9_1/libsrc/scutimer_v2_3/src -s clean 

TRACE::2026-02-14.20:19:29::SCWMssOS::make -C ps7_cortexa9_1/libsrc/scuwdt_v2_3/src -s clean 

TRACE::2026-02-14.20:19:29::SCWMssOS::make -C ps7_cortexa9_1/libsrc/sdps_v3_10/src -s clean 

TRACE::2026-02-14.20:19:30::SCWMssOS::make -C ps7_cortexa9_1/libsrc/standalone_v7_3/src -s clean 

TRACE::2026-02-14.20:19:30::SCWMssOS::make -C ps7_cortexa9_1/libsrc/tmrctr_v4_7/src -s clean 

TRACE::2026-02-14.20:19:30::SCWMssOS::make -C ps7_cortexa9_1/libsrc/ttcps_v3_12/src -s clean 

TRACE::2026-02-14.20:19:30::SCWMssOS::make -C ps7_cortexa9_1/libsrc/uartps_v3_10/src -s clean 

TRACE::2026-02-14.20:19:30::SCWMssOS::make -C ps7_cortexa9_1/libsrc/usbps_v2_6/src -s clean 

TRACE::2026-02-14.20:19:30::SCWMssOS::make -C ps7_cortexa9_1/libsrc/xadcps_v2_5/src -s clean 

TRACE::2026-02-14.20:19:30::SCWMssOS::rm -f ps7_cortexa9_1/lib/libxil.a

LOG::2026-02-14.20:19:35::SCWPlatform::Started generating the artifacts platform zedboard_platform
TRACE::2026-02-14.20:19:35::SCWPlatform::Sanity checking of platform is completed
LOG::2026-02-14.20:19:35::SCWPlatform::Started generating the artifacts for system configuration zedboard_platform
LOG::2026-02-14.20:19:35::SCWSystem::Checking the domain standalone_domain
LOG::2026-02-14.20:19:35::SCWSystem::Not a boot domain 
LOG::2026-02-14.20:19:35::SCWSystem::Checking the domain standalone_ps7_cortexa9_1
LOG::2026-02-14.20:19:35::SCWSystem::Not a boot domain 
LOG::2026-02-14.20:19:35::SCWSystem::Started Processing the domain standalone_domain
TRACE::2026-02-14.20:19:35::SCWDomain::Generating domain artifcats
TRACE::2026-02-14.20:19:35::SCWMssOS::Generating standalone artifcats
TRACE::2026-02-14.20:19:35::SCWMssOS::Copying the qemu file from  C:/Xilinx/Vitis/2020.2/data/emulation/platforms/zynq/sw/a9_standalone/qemu/qemu_args.txt To C:/Zynq_Book/vitis_workspace/zedboard_platform/export/zedboard_platform/sw/zedboard_platform/qemu/
TRACE::2026-02-14.20:19:35::SCWMssOS::Copying the qemu file from  C:/Xilinx/Vitis/2020.2/data/emulation/platforms/zynq/sw/a9_standalone/qemu/qemu_args.txt To C:/Zynq_Book/vitis_workspace/zedboard_platform/export/zedboard_platform/sw/zedboard_platform/standalone_domain/qemu/
TRACE::2026-02-14.20:19:35::SCWMssOS:: Copying the user libraries. 
TRACE::2026-02-14.20:19:35::SCWPlatform::Trying to open the hw design at C:/Zynq_Book/vitis_workspace/zedboard_platform/hw/milestone_1_wrapper.xsa
TRACE::2026-02-14.20:19:35::SCWPlatform::DSA given C:/Zynq_Book/vitis_workspace/zedboard_platform/hw/milestone_1_wrapper.xsa
TRACE::2026-02-14.20:19:35::SCWPlatform::DSA absoulate path C:/Zynq_Book/vitis_workspace/zedboard_platform/hw/milestone_1_wrapper.xsa
TRACE::2026-02-14.20:19:35::SCWPlatform::DSA directory C:/Zynq_Book/vitis_workspace/zedboard_platform/hw
TRACE::2026-02-14.20:19:35::SCWPlatform:: Platform Path C:/Zynq_Book/vitis_workspace/zedboard_platform/hw/milestone_1_wrapper.xsa
TRACE::2026-02-14.20:19:35::SCWPlatform:: Unique name xilinx:zed::0.0
TRACE::2026-02-14.20:19:35::SCWPlatform::Trying to set the existing hwdb with name design_1_wrapper_1
TRACE::2026-02-14.20:19:35::SCWPlatform::Opened existing hwdb design_1_wrapper_1
TRACE::2026-02-14.20:19:35::SCWPlatform::Found the Hw Db part of the input DSA
TRACE::2026-02-14.20:19:35::SCWMssOS::Checking the sw design at  C:/Zynq_Book/vitis_workspace/zedboard_platform/ps7_cortexa9_0/standalone_domain/bsp/system.mss
TRACE::2026-02-14.20:19:35::SCWMssOS::DEBUG:  swdes dump  C:/Zynq_Book/vitis_workspace/zedboard_platform/ps7_cortexa9_0/standalone_domain/bsp/system.mss|system||
C:/Zynq_Book/vitis_workspace/zedboard_platform/ps7_cortexa9_1/standalone_ps7_cortexa9_1/bsp/system.mss|system_0||

TRACE::2026-02-14.20:19:35::SCWMssOS::Sw design exists and opened at  C:/Zynq_Book/vitis_workspace/zedboard_platform/ps7_cortexa9_0/standalone_domain/bsp/system.mss
TRACE::2026-02-14.20:19:35::SCWMssOS::Completed writing the mss file at C:/Zynq_Book/vitis_workspace/zedboard_platform/ps7_cortexa9_0/standalone_domain/bsp
TRACE::2026-02-14.20:19:35::SCWMssOS::Mss edits present, copying mssfile into export location C:/Zynq_Book/vitis_workspace/zedboard_platform/ps7_cortexa9_0/standalone_domain/bsp/system.mss
TRACE::2026-02-14.20:19:35::SCWMssOS::bsp generated is upto date with the mss file. Skipping bsp generation.
TRACE::2026-02-14.20:19:35::SCWMssOS::BSP is already built. skipping the bsp build ... 
TRACE::2026-02-14.20:19:35::SCWDomain::Building the domain as part of full build :  standalone_domain
TRACE::2026-02-14.20:19:35::SCWMssOS::doing bsp build ... 
TRACE::2026-02-14.20:19:35::SCWMssOS::System Command Ran  C: & cd  C:/Zynq_Book/vitis_workspace/zedboard_platform/ps7_cortexa9_0/standalone_domain/bsp & make 
TRACE::2026-02-14.20:19:35::SCWMssOS::make --no-print-directory seq_libs

TRACE::2026-02-14.20:19:35::SCWMssOS::'Finished building libraries sequentially.'

TRACE::2026-02-14.20:19:35::SCWMssOS::make -j --no-print-directory par_libs

TRACE::2026-02-14.20:19:35::SCWMssOS::"Running Make include in ps7_cortexa9_0/libsrc/coresightps_dcc_v1_8/src"

TRACE::2026-02-14.20:19:35::SCWMssOS::make -C ps7_cortexa9_0/libsrc/coresightps_dcc_v1_8/src -s include  "SHELL=CMD" "COMPILER=arm-none-eabi-gcc" "ASSEMBLER=arm-none
TRACE::2026-02-14.20:19:35::SCWMssOS::-eabi-as" "ARCHIVER=arm-none-eabi-ar" "COMPILER_FLAGS=  -O2 -c" "EXTRA_COMPILER_FLAGS=-mcpu=cortex-a9 -mfpu=vfpv3 -mfloat-abi=h
TRACE::2026-02-14.20:19:35::SCWMssOS::ard -nostartfiles -g -Wall -Wextra"

TRACE::2026-02-14.20:19:35::SCWMssOS::"Running Make include in ps7_cortexa9_0/libsrc/cpu_cortexa9_v2_10/src"

TRACE::2026-02-14.20:19:35::SCWMssOS::make -C ps7_cortexa9_0/libsrc/cpu_cortexa9_v2_10/src -s include  "SHELL=CMD" "COMPILER=arm-none-eabi-gcc" "ASSEMBLER=arm-none-e
TRACE::2026-02-14.20:19:35::SCWMssOS::abi-as" "ARCHIVER=arm-none-eabi-ar" "COMPILER_FLAGS=  -O2 -c" "EXTRA_COMPILER_FLAGS=-mcpu=cortex-a9 -mfpu=vfpv3 -mfloat-abi=har
TRACE::2026-02-14.20:19:35::SCWMssOS::d -nostartfiles -g -Wall -Wextra"

TRACE::2026-02-14.20:19:36::SCWMssOS::"Running Make include in ps7_cortexa9_0/libsrc/ddrps_v1_2/src"

TRACE::2026-02-14.20:19:36::SCWMssOS::make -C ps7_cortexa9_0/libsrc/ddrps_v1_2/src -s include  "SHELL=CMD" "COMPILER=arm-none-eabi-gcc" "ASSEMBLER=arm-none-eabi-as" 
TRACE::2026-02-14.20:19:36::SCWMssOS::"ARCHIVER=arm-none-eabi-ar" "COMPILER_FLAGS=  -O2 -c" "EXTRA_COMPILER_FLAGS=-mcpu=cortex-a9 -mfpu=vfpv3 -mfloat-abi=hard -nosta
TRACE::2026-02-14.20:19:36::SCWMssOS::rtfiles -g -Wall -Wextra"

TRACE::2026-02-14.20:19:36::SCWMssOS::"Running Make include in ps7_cortexa9_0/libsrc/devcfg_v3_7/src"

TRACE::2026-02-14.20:19:36::SCWMssOS::make -C ps7_cortexa9_0/libsrc/devcfg_v3_7/src -s include  "SHELL=CMD" "COMPILER=arm-none-eabi-gcc" "ASSEMBLER=arm-none-eabi-as"
TRACE::2026-02-14.20:19:36::SCWMssOS:: "ARCHIVER=arm-none-eabi-ar" "COMPILER_FLAGS=  -O2 -c" "EXTRA_COMPILER_FLAGS=-mcpu=cortex-a9 -mfpu=vfpv3 -mfloat-abi=hard -nost
TRACE::2026-02-14.20:19:36::SCWMssOS::artfiles -g -Wall -Wextra"

TRACE::2026-02-14.20:19:36::SCWMssOS::"Running Make include in ps7_cortexa9_0/libsrc/dmaps_v2_7/src"

TRACE::2026-02-14.20:19:36::SCWMssOS::make -C ps7_cortexa9_0/libsrc/dmaps_v2_7/src -s include  "SHELL=CMD" "COMPILER=arm-none-eabi-gcc" "ASSEMBLER=arm-none-eabi-as" 
TRACE::2026-02-14.20:19:36::SCWMssOS::"ARCHIVER=arm-none-eabi-ar" "COMPILER_FLAGS=  -O2 -c" "EXTRA_COMPILER_FLAGS=-mcpu=cortex-a9 -mfpu=vfpv3 -mfloat-abi=hard -nosta
TRACE::2026-02-14.20:19:36::SCWMssOS::rtfiles -g -Wall -Wextra"

TRACE::2026-02-14.20:19:36::SCWMssOS::"Running Make include in ps7_cortexa9_0/libsrc/emacps_v3_12/src"

TRACE::2026-02-14.20:19:36::SCWMssOS::make -C ps7_cortexa9_0/libsrc/emacps_v3_12/src -s include  "SHELL=CMD" "COMPILER=arm-none-eabi-gcc" "ASSEMBLER=arm-none-eabi-as
TRACE::2026-02-14.20:19:36::SCWMssOS::" "ARCHIVER=arm-none-eabi-ar" "COMPILER_FLAGS=  -O2 -c" "EXTRA_COMPILER_FLAGS=-mcpu=cortex-a9 -mfpu=vfpv3 -mfloat-abi=hard -nos
TRACE::2026-02-14.20:19:36::SCWMssOS::tartfiles -g -Wall -Wextra"

TRACE::2026-02-14.20:19:36::SCWMssOS::"Running Make include in ps7_cortexa9_0/libsrc/gpiops_v3_8/src"

TRACE::2026-02-14.20:19:36::SCWMssOS::make -C ps7_cortexa9_0/libsrc/gpiops_v3_8/src -s include  "SHELL=CMD" "COMPILER=arm-none-eabi-gcc" "ASSEMBLER=arm-none-eabi-as"
TRACE::2026-02-14.20:19:36::SCWMssOS:: "ARCHIVER=arm-none-eabi-ar" "COMPILER_FLAGS=  -O2 -c" "EXTRA_COMPILER_FLAGS=-mcpu=cortex-a9 -mfpu=vfpv3 -mfloat-abi=hard -nost
TRACE::2026-02-14.20:19:36::SCWMssOS::artfiles -g -Wall -Wextra"

TRACE::2026-02-14.20:19:36::SCWMssOS::"Running Make include in ps7_cortexa9_0/libsrc/gpio_v4_7/src"

TRACE::2026-02-14.20:19:36::SCWMssOS::make -C ps7_cortexa9_0/libsrc/gpio_v4_7/src -s include  "SHELL=CMD" "COMPILER=arm-none-eabi-gcc" "ASSEMBLER=arm-none-eabi-as" "
TRACE::2026-02-14.20:19:36::SCWMssOS::ARCHIVER=arm-none-eabi-ar" "COMPILER_FLAGS=  -O2 -c" "EXTRA_COMPILER_FLAGS=-mcpu=cortex-a9 -mfpu=vfpv3 -mfloat-abi=hard -nostar
TRACE::2026-02-14.20:19:36::SCWMssOS::tfiles -g -Wall -Wextra"

TRACE::2026-02-14.20:19:36::SCWMssOS::"Running Make include in ps7_cortexa9_0/libsrc/iicps_v3_12/src"

TRACE::2026-02-14.20:19:36::SCWMssOS::make -C ps7_cortexa9_0/libsrc/iicps_v3_12/src -s include  "SHELL=CMD" "COMPILER=arm-none-eabi-gcc" "ASSEMBLER=arm-none-eabi-as"
TRACE::2026-02-14.20:19:36::SCWMssOS:: "ARCHIVER=arm-none-eabi-ar" "COMPILER_FLAGS=  -O2 -c" "EXTRA_COMPILER_FLAGS=-mcpu=cortex-a9 -mfpu=vfpv3 -mfloat-abi=hard -nost
TRACE::2026-02-14.20:19:36::SCWMssOS::artfiles -g -Wall -Wextra"

TRACE::2026-02-14.20:19:36::SCWMssOS::"Running Make include in ps7_cortexa9_0/libsrc/qspips_v3_8/src"

TRACE::2026-02-14.20:19:36::SCWMssOS::make -C ps7_cortexa9_0/libsrc/qspips_v3_8/src -s include  "SHELL=CMD" "COMPILER=arm-none-eabi-gcc" "ASSEMBLER=arm-none-eabi-as"
TRACE::2026-02-14.20:19:36::SCWMssOS:: "ARCHIVER=arm-none-eabi-ar" "COMPILER_FLAGS=  -O2 -c" "EXTRA_COMPILER_FLAGS=-mcpu=cortex-a9 -mfpu=vfpv3 -mfloat-abi=hard -nost
TRACE::2026-02-14.20:19:36::SCWMssOS::artfiles -g -Wall -Wextra"

TRACE::2026-02-14.20:19:36::SCWMssOS::"Running Make include in ps7_cortexa9_0/libsrc/scugic_v4_3/src"

TRACE::2026-02-14.20:19:36::SCWMssOS::make -C ps7_cortexa9_0/libsrc/scugic_v4_3/src -s include  "SHELL=CMD" "COMPILER=arm-none-eabi-gcc" "ASSEMBLER=arm-none-eabi-as"
TRACE::2026-02-14.20:19:36::SCWMssOS:: "ARCHIVER=arm-none-eabi-ar" "COMPILER_FLAGS=  -O2 -c" "EXTRA_COMPILER_FLAGS=-mcpu=cortex-a9 -mfpu=vfpv3 -mfloat-abi=hard -nost
TRACE::2026-02-14.20:19:36::SCWMssOS::artfiles -g -Wall -Wextra"

TRACE::2026-02-14.20:19:36::SCWMssOS::"Running Make include in ps7_cortexa9_0/libsrc/scutimer_v2_3/src"

TRACE::2026-02-14.20:19:36::SCWMssOS::make -C ps7_cortexa9_0/libsrc/scutimer_v2_3/src -s include  "SHELL=CMD" "COMPILER=arm-none-eabi-gcc" "ASSEMBLER=arm-none-eabi-a
TRACE::2026-02-14.20:19:36::SCWMssOS::s" "ARCHIVER=arm-none-eabi-ar" "COMPILER_FLAGS=  -O2 -c" "EXTRA_COMPILER_FLAGS=-mcpu=cortex-a9 -mfpu=vfpv3 -mfloat-abi=hard -no
TRACE::2026-02-14.20:19:36::SCWMssOS::startfiles -g -Wall -Wextra"

TRACE::2026-02-14.20:19:36::SCWMssOS::"Running Make include in ps7_cortexa9_0/libsrc/scuwdt_v2_3/src"

TRACE::2026-02-14.20:19:36::SCWMssOS::make -C ps7_cortexa9_0/libsrc/scuwdt_v2_3/src -s include  "SHELL=CMD" "COMPILER=arm-none-eabi-gcc" "ASSEMBLER=arm-none-eabi-as"
TRACE::2026-02-14.20:19:36::SCWMssOS:: "ARCHIVER=arm-none-eabi-ar" "COMPILER_FLAGS=  -O2 -c" "EXTRA_COMPILER_FLAGS=-mcpu=cortex-a9 -mfpu=vfpv3 -mfloat-abi=hard -nost
TRACE::2026-02-14.20:19:36::SCWMssOS::artfiles -g -Wall -Wextra"

TRACE::2026-02-14.20:19:36::SCWMssOS::"Running Make include in ps7_cortexa9_0/libsrc/sdps_v3_10/src"

TRACE::2026-02-14.20:19:36::SCWMssOS::make -C ps7_cortexa9_0/libsrc/sdps_v3_10/src -s include  "SHELL=CMD" "COMPILER=arm-none-eabi-gcc" "ASSEMBLER=arm-none-eabi-as" 
TRACE::2026-02-14.20:19:36::SCWMssOS::"ARCHIVER=arm-none-eabi-ar" "COMPILER_FLAGS=  -O2 -c" "EXTRA_COMPILER_FLAGS=-mcpu=cortex-a9 -mfpu=vfpv3 -mfloat-abi=hard -nosta
TRACE::2026-02-14.20:19:36::SCWMssOS::rtfiles -g -Wall -Wextra"

TRACE::2026-02-14.20:19:36::SCWMssOS::"Running Make include in ps7_cortexa9_0/libsrc/standalone_v7_3/src"

TRACE::2026-02-14.20:19:36::SCWMssOS::make -C ps7_cortexa9_0/libsrc/standalone_v7_3/src -s include  "SHELL=CMD" "COMPILER=arm-none-eabi-gcc" "ASSEMBLER=arm-none-eabi
TRACE::2026-02-14.20:19:36::SCWMssOS::-as" "ARCHIVER=arm-none-eabi-ar" "COMPILER_FLAGS=  -O2 -c" "EXTRA_COMPILER_FLAGS=-mcpu=cortex-a9 -mfpu=vfpv3 -mfloat-abi=hard -
TRACE::2026-02-14.20:19:36::SCWMssOS::nostartfiles -g -Wall -Wextra"

TRACE::2026-02-14.20:19:36::SCWMssOS::"Running Make include in ps7_cortexa9_0/libsrc/tmrctr_v4_7/src"

TRACE::2026-02-14.20:19:36::SCWMssOS::make -C ps7_cortexa9_0/libsrc/tmrctr_v4_7/src -s include  "SHELL=CMD" "COMPILER=arm-none-eabi-gcc" "ASSEMBLER=arm-none-eabi-as"
TRACE::2026-02-14.20:19:36::SCWMssOS:: "ARCHIVER=arm-none-eabi-ar" "COMPILER_FLAGS=  -O2 -c" "EXTRA_COMPILER_FLAGS=-mcpu=cortex-a9 -mfpu=vfpv3 -mfloat-abi=hard -nost
TRACE::2026-02-14.20:19:36::SCWMssOS::artfiles -g -Wall -Wextra"

TRACE::2026-02-14.20:19:36::SCWMssOS::"Running Make include in ps7_cortexa9_0/libsrc/ttcps_v3_12/src"

TRACE::2026-02-14.20:19:36::SCWMssOS::make -C ps7_cortexa9_0/libsrc/ttcps_v3_12/src -s include  "SHELL=CMD" "COMPILER=arm-none-eabi-gcc" "ASSEMBLER=arm-none-eabi-as"
TRACE::2026-02-14.20:19:36::SCWMssOS:: "ARCHIVER=arm-none-eabi-ar" "COMPILER_FLAGS=  -O2 -c" "EXTRA_COMPILER_FLAGS=-mcpu=cortex-a9 -mfpu=vfpv3 -mfloat-abi=hard -nost
TRACE::2026-02-14.20:19:36::SCWMssOS::artfiles -g -Wall -Wextra"

TRACE::2026-02-14.20:19:36::SCWMssOS::"Running Make include in ps7_cortexa9_0/libsrc/uartps_v3_10/src"

TRACE::2026-02-14.20:19:36::SCWMssOS::make -C ps7_cortexa9_0/libsrc/uartps_v3_10/src -s include  "SHELL=CMD" "COMPILER=arm-none-eabi-gcc" "ASSEMBLER=arm-none-eabi-as
TRACE::2026-02-14.20:19:36::SCWMssOS::" "ARCHIVER=arm-none-eabi-ar" "COMPILER_FLAGS=  -O2 -c" "EXTRA_COMPILER_FLAGS=-mcpu=cortex-a9 -mfpu=vfpv3 -mfloat-abi=hard -nos
TRACE::2026-02-14.20:19:36::SCWMssOS::tartfiles -g -Wall -Wextra"

TRACE::2026-02-14.20:19:36::SCWMssOS::"Running Make include in ps7_cortexa9_0/libsrc/usbps_v2_6/src"

TRACE::2026-02-14.20:19:36::SCWMssOS::make -C ps7_cortexa9_0/libsrc/usbps_v2_6/src -s include  "SHELL=CMD" "COMPILER=arm-none-eabi-gcc" "ASSEMBLER=arm-none-eabi-as" 
TRACE::2026-02-14.20:19:36::SCWMssOS::"ARCHIVER=arm-none-eabi-ar" "COMPILER_FLAGS=  -O2 -c" "EXTRA_COMPILER_FLAGS=-mcpu=cortex-a9 -mfpu=vfpv3 -mfloat-abi=hard -nosta
TRACE::2026-02-14.20:19:36::SCWMssOS::rtfiles -g -Wall -Wextra"

TRACE::2026-02-14.20:19:36::SCWMssOS::"Running Make include in ps7_cortexa9_0/libsrc/xadcps_v2_5/src"

TRACE::2026-02-14.20:19:36::SCWMssOS::make -C ps7_cortexa9_0/libsrc/xadcps_v2_5/src -s include  "SHELL=CMD" "COMPILER=arm-none-eabi-gcc" "ASSEMBLER=arm-none-eabi-as"
TRACE::2026-02-14.20:19:36::SCWMssOS:: "ARCHIVER=arm-none-eabi-ar" "COMPILER_FLAGS=  -O2 -c" "EXTRA_COMPILER_FLAGS=-mcpu=cortex-a9 -mfpu=vfpv3 -mfloat-abi=hard -nost
TRACE::2026-02-14.20:19:36::SCWMssOS::artfiles -g -Wall -Wextra"

TRACE::2026-02-14.20:19:36::SCWMssOS::"Running Make libs in ps7_cortexa9_0/libsrc/coresightps_dcc_v1_8/src"

TRACE::2026-02-14.20:19:36::SCWMssOS::make -C ps7_cortexa9_0/libsrc/coresightps_dcc_v1_8/src -s libs  "SHELL=CMD" "COMPILER=arm-none-eabi-gcc" "ASSEMBLER=arm-none-ea
TRACE::2026-02-14.20:19:36::SCWMssOS::bi-as" "ARCHIVER=arm-none-eabi-ar" "COMPILER_FLAGS=  -O2 -c" "EXTRA_COMPILER_FLAGS=-mcpu=cortex-a9 -mfpu=vfpv3 -mfloat-abi=hard
TRACE::2026-02-14.20:19:36::SCWMssOS:: -nostartfiles -g -Wall -Wextra"

TRACE::2026-02-14.20:19:36::SCWMssOS::"Running Make libs in ps7_cortexa9_0/libsrc/cpu_cortexa9_v2_10/src"

TRACE::2026-02-14.20:19:36::SCWMssOS::make -C ps7_cortexa9_0/libsrc/cpu_cortexa9_v2_10/src -s libs  "SHELL=CMD" "COMPILER=arm-none-eabi-gcc" "ASSEMBLER=arm-none-eabi
TRACE::2026-02-14.20:19:36::SCWMssOS::-as" "ARCHIVER=arm-none-eabi-ar" "COMPILER_FLAGS=  -O2 -c" "EXTRA_COMPILER_FLAGS=-mcpu=cortex-a9 -mfpu=vfpv3 -mfloat-abi=hard -
TRACE::2026-02-14.20:19:36::SCWMssOS::nostartfiles -g -Wall -Wextra"

TRACE::2026-02-14.20:19:36::SCWMssOS::"Running Make libs in ps7_cortexa9_0/libsrc/ddrps_v1_2/src"

TRACE::2026-02-14.20:19:36::SCWMssOS::make -C ps7_cortexa9_0/libsrc/ddrps_v1_2/src -s libs  "SHELL=CMD" "COMPILER=arm-none-eabi-gcc" "ASSEMBLER=arm-none-eabi-as" "AR
TRACE::2026-02-14.20:19:36::SCWMssOS::CHIVER=arm-none-eabi-ar" "COMPILER_FLAGS=  -O2 -c" "EXTRA_COMPILER_FLAGS=-mcpu=cortex-a9 -mfpu=vfpv3 -mfloat-abi=hard -nostartf
TRACE::2026-02-14.20:19:36::SCWMssOS::iles -g -Wall -Wextra"

TRACE::2026-02-14.20:19:36::SCWMssOS::"Running Make libs in ps7_cortexa9_0/libsrc/devcfg_v3_7/src"

TRACE::2026-02-14.20:19:36::SCWMssOS::make -C ps7_cortexa9_0/libsrc/devcfg_v3_7/src -s libs  "SHELL=CMD" "COMPILER=arm-none-eabi-gcc" "ASSEMBLER=arm-none-eabi-as" "A
TRACE::2026-02-14.20:19:36::SCWMssOS::RCHIVER=arm-none-eabi-ar" "COMPILER_FLAGS=  -O2 -c" "EXTRA_COMPILER_FLAGS=-mcpu=cortex-a9 -mfpu=vfpv3 -mfloat-abi=hard -nostart
TRACE::2026-02-14.20:19:36::SCWMssOS::files -g -Wall -Wextra"

TRACE::2026-02-14.20:19:36::SCWMssOS::"Running Make libs in ps7_cortexa9_0/libsrc/dmaps_v2_7/src"

TRACE::2026-02-14.20:19:36::SCWMssOS::make -C ps7_cortexa9_0/libsrc/dmaps_v2_7/src -s libs  "SHELL=CMD" "COMPILER=arm-none-eabi-gcc" "ASSEMBLER=arm-none-eabi-as" "AR
TRACE::2026-02-14.20:19:36::SCWMssOS::CHIVER=arm-none-eabi-ar" "COMPILER_FLAGS=  -O2 -c" "EXTRA_COMPILER_FLAGS=-mcpu=cortex-a9 -mfpu=vfpv3 -mfloat-abi=hard -nostartf
TRACE::2026-02-14.20:19:36::SCWMssOS::iles -g -Wall -Wextra"

TRACE::2026-02-14.20:19:36::SCWMssOS::"Running Make libs in ps7_cortexa9_0/libsrc/emacps_v3_12/src"

TRACE::2026-02-14.20:19:36::SCWMssOS::make -C ps7_cortexa9_0/libsrc/emacps_v3_12/src -s libs  "SHELL=CMD" "COMPILER=arm-none-eabi-gcc" "ASSEMBLER=arm-none-eabi-as" "
TRACE::2026-02-14.20:19:36::SCWMssOS::ARCHIVER=arm-none-eabi-ar" "COMPILER_FLAGS=  -O2 -c" "EXTRA_COMPILER_FLAGS=-mcpu=cortex-a9 -mfpu=vfpv3 -mfloat-abi=hard -nostar
TRACE::2026-02-14.20:19:36::SCWMssOS::tfiles -g -Wall -Wextra"

TRACE::2026-02-14.20:19:36::SCWMssOS::"Running Make libs in ps7_cortexa9_0/libsrc/gpiops_v3_8/src"

TRACE::2026-02-14.20:19:37::SCWMssOS::make -C ps7_cortexa9_0/libsrc/gpiops_v3_8/src -s libs  "SHELL=CMD" "COMPILER=arm-none-eabi-gcc" "ASSEMBLER=arm-none-eabi-as" "A
TRACE::2026-02-14.20:19:37::SCWMssOS::RCHIVER=arm-none-eabi-ar" "COMPILER_FLAGS=  -O2 -c" "EXTRA_COMPILER_FLAGS=-mcpu=cortex-a9 -mfpu=vfpv3 -mfloat-abi=hard -nostart
TRACE::2026-02-14.20:19:37::SCWMssOS::files -g -Wall -Wextra"

TRACE::2026-02-14.20:19:37::SCWMssOS::"Running Make libs in ps7_cortexa9_0/libsrc/gpio_v4_7/src"

TRACE::2026-02-14.20:19:37::SCWMssOS::make -C ps7_cortexa9_0/libsrc/gpio_v4_7/src -s libs  "SHELL=CMD" "COMPILER=arm-none-eabi-gcc" "ASSEMBLER=arm-none-eabi-as" "ARC
TRACE::2026-02-14.20:19:37::SCWMssOS::HIVER=arm-none-eabi-ar" "COMPILER_FLAGS=  -O2 -c" "EXTRA_COMPILER_FLAGS=-mcpu=cortex-a9 -mfpu=vfpv3 -mfloat-abi=hard -nostartfi
TRACE::2026-02-14.20:19:37::SCWMssOS::les -g -Wall -Wextra"

TRACE::2026-02-14.20:19:37::SCWMssOS::"Running Make libs in ps7_cortexa9_0/libsrc/scugic_v4_3/src"

TRACE::2026-02-14.20:19:37::SCWMssOS::"Running Make libs in ps7_cortexa9_0/libsrc/iicps_v3_12/src"

TRACE::2026-02-14.20:19:37::SCWMssOS::make -C ps7_cortexa9_0/libsrc/scugic_v4_3/src -s libs  "SHELL=CMD" "COMPILER=arm-none-eabi-gcc" "ASSEMBLER=arm-none-eabi-as" "A
TRACE::2026-02-14.20:19:37::SCWMssOS::RCHIVER=arm-none-eabi-ar" "COMPILER_FLAGS=  -O2 -c" "EXTRA_COMPILER_FLAGS=-mcpu=cortex-a9 -mfpu=vfpv3 -mfloat-abi=hard -nostart
TRACE::2026-02-14.20:19:37::SCWMssOS::files -g -Wall -Wextra"

TRACE::2026-02-14.20:19:37::SCWMssOS::make -C ps7_cortexa9_0/libsrc/iicps_v3_12/src -s libs  "SHELL=CMD" "COMPILER=arm-none-eabi-gcc" "ASSEMBLER=arm-none-eabi-as" "A
TRACE::2026-02-14.20:19:37::SCWMssOS::RCHIVER=arm-none-eabi-ar" "COMPILER_FLAGS=  -O2 -c" "EXTRA_COMPILER_FLAGS=-mcpu=cortex-a9 -mfpu=vfpv3 -mfloat-abi=hard -nostart
TRACE::2026-02-14.20:19:37::SCWMssOS::files -g -Wall -Wextra"

TRACE::2026-02-14.20:19:37::SCWMssOS::"Running Make libs in ps7_cortexa9_0/libsrc/qspips_v3_8/src"

TRACE::2026-02-14.20:19:37::SCWMssOS::"Running Make libs in ps7_cortexa9_0/libsrc/scuwdt_v2_3/src"

TRACE::2026-02-14.20:19:37::SCWMssOS::"Running Make libs in ps7_cortexa9_0/libsrc/sdps_v3_10/src"

TRACE::2026-02-14.20:19:37::SCWMssOS::"Running Make libs in ps7_cortexa9_0/libsrc/xadcps_v2_5/src"

TRACE::2026-02-14.20:19:37::SCWMssOS::make -C ps7_cortexa9_0/libsrc/scuwdt_v2_3/src -s libs  "SHELL=CMD" "COMPILER=arm-none-eabi-gcc" "ASSEMBLER=arm-none-eabi-as" "A
TRACE::2026-02-14.20:19:37::SCWMssOS::RCHIVER=arm-none-eabi-ar" "COMPILER_FLAGS=  -O2 -c" "EXTRA_COMPILER_FLAGS=-mcpu=cortex-a9 -mfpu=vfpv3 -mfloat-abi=hard -nostart
TRACE::2026-02-14.20:19:37::SCWMssOS::files -g -Wall -Wextra"

TRACE::2026-02-14.20:19:37::SCWMssOS::make -C ps7_cortexa9_0/libsrc/sdps_v3_10/src -s libs  "SHELL=CMD" "COMPILER=arm-none-eabi-gcc" "ASSEMBLER=arm-none-eabi-as" "AR
TRACE::2026-02-14.20:19:37::SCWMssOS::CHIVER=arm-none-eabi-ar" "COMPILER_FLAGS=  -O2 -c" "EXTRA_COMPILER_FLAGS=-mcpu=cortex-a9 -mfpu=vfpv3 -mfloat-abi=hard -nostartf
TRACE::2026-02-14.20:19:37::SCWMssOS::iles -g -Wall -Wextra"

TRACE::2026-02-14.20:19:37::SCWMssOS::make -C ps7_cortexa9_0/libsrc/xadcps_v2_5/src -s libs  "SHELL=CMD" "COMPILER=arm-none-eabi-gcc" "ASSEMBLER=arm-none-eabi-as" "A
TRACE::2026-02-14.20:19:37::SCWMssOS::RCHIVER=arm-none-eabi-ar" "COMPILER_FLAGS=  -O2 -c" "EXTRA_COMPILER_FLAGS=-mcpu=cortex-a9 -mfpu=vfpv3 -mfloat-abi=hard -nostart
TRACE::2026-02-14.20:19:37::SCWMssOS::files -g -Wall -Wextra"

TRACE::2026-02-14.20:19:37::SCWMssOS::"Running Make libs in ps7_cortexa9_0/libsrc/scutimer_v2_3/src"

TRACE::2026-02-14.20:19:37::SCWMssOS::"Running Make libs in ps7_cortexa9_0/libsrc/tmrctr_v4_7/src"

TRACE::2026-02-14.20:19:37::SCWMssOS::make -C ps7_cortexa9_0/libsrc/tmrctr_v4_7/src -s libs  "SHELL=CMD" "COMPILER=arm-none-eabi-gcc" "ASSEMBLER=arm-none-eabi-as" "A
TRACE::2026-02-14.20:19:37::SCWMssOS::RCHIVER=arm-none-eabi-ar" "COMPILER_FLAGS=  -O2 -c" "EXTRA_COMPILER_FLAGS=-mcpu=cortex-a9 -mfpu=vfpv3 -mfloat-abi=hard -nostart
TRACE::2026-02-14.20:19:37::SCWMssOS::files -g -Wall -Wextra"

TRACE::2026-02-14.20:19:37::SCWMssOS::make -C ps7_cortexa9_0/libsrc/scutimer_v2_3/src -s libs  "SHELL=CMD" "COMPILER=arm-none-eabi-gcc" "ASSEMBLER=arm-none-eabi-as" 
TRACE::2026-02-14.20:19:37::SCWMssOS::"ARCHIVER=arm-none-eabi-ar" "COMPILER_FLAGS=  -O2 -c" "EXTRA_COMPILER_FLAGS=-mcpu=cortex-a9 -mfpu=vfpv3 -mfloat-abi=hard -nosta
TRACE::2026-02-14.20:19:37::SCWMssOS::rtfiles -g -Wall -Wextra"

TRACE::2026-02-14.20:19:37::SCWMssOS::make -C ps7_cortexa9_0/libsrc/qspips_v3_8/src -s libs  "SHELL=CMD" "COMPILER=arm-none-eabi-gcc" "ASSEMBLER=arm-none-eabi-as" "A
TRACE::2026-02-14.20:19:37::SCWMssOS::RCHIVER=arm-none-eabi-ar" "COMPILER_FLAGS=  -O2 -c" "EXTRA_COMPILER_FLAGS=-mcpu=cortex-a9 -mfpu=vfpv3 -mfloat-abi=hard -nostart
TRACE::2026-02-14.20:19:37::SCWMssOS::files -g -Wall -Wextra"

TRACE::2026-02-14.20:19:37::SCWMssOS::"Running Make libs in ps7_cortexa9_0/libsrc/standalone_v7_3/src"

TRACE::2026-02-14.20:19:37::SCWMssOS::make -C ps7_cortexa9_0/libsrc/standalone_v7_3/src -s libs  "SHELL=CMD" "COMPILER=arm-none-eabi-gcc" "ASSEMBLER=arm-none-eabi-as
TRACE::2026-02-14.20:19:37::SCWMssOS::" "ARCHIVER=arm-none-eabi-ar" "COMPILER_FLAGS=  -O2 -c" "EXTRA_COMPILER_FLAGS=-mcpu=cortex-a9 -mfpu=vfpv3 -mfloat-abi=hard -nos
TRACE::2026-02-14.20:19:37::SCWMssOS::tartfiles -g -Wall -Wextra"

TRACE::2026-02-14.20:19:37::SCWMssOS::"Running Make libs in ps7_cortexa9_0/libsrc/ttcps_v3_12/src"

TRACE::2026-02-14.20:19:37::SCWMssOS::"Running Make libs in ps7_cortexa9_0/libsrc/usbps_v2_6/src"

TRACE::2026-02-14.20:19:38::SCWMssOS::make -C ps7_cortexa9_0/libsrc/ttcps_v3_12/src -s libs  "SHELL=CMD" "COMPILER=arm-none-eabi-gcc" "ASSEMBLER=arm-none-eabi-as" "A
TRACE::2026-02-14.20:19:38::SCWMssOS::RCHIVER=arm-none-eabi-ar" "COMPILER_FLAGS=  -O2 -c" "EXTRA_COMPILER_FLAGS=-mcpu=cortex-a9 -mfpu=vfpv3 -mfloat-abi=hard -nostart
TRACE::2026-02-14.20:19:38::SCWMssOS::files -g -Wall -Wextra"

TRACE::2026-02-14.20:19:38::SCWMssOS::make -C ps7_cortexa9_0/libsrc/usbps_v2_6/src -s libs  "SHELL=CMD" "COMPILER=arm-none-eabi-gcc" "ASSEMBLER=arm-none-eabi-as" "AR
TRACE::2026-02-14.20:19:38::SCWMssOS::CHIVER=arm-none-eabi-ar" "COMPILER_FLAGS=  -O2 -c" "EXTRA_COMPILER_FLAGS=-mcpu=cortex-a9 -mfpu=vfpv3 -mfloat-abi=hard -nostartf
TRACE::2026-02-14.20:19:38::SCWMssOS::iles -g -Wall -Wextra"

TRACE::2026-02-14.20:19:38::SCWMssOS::"Running Make libs in ps7_cortexa9_0/libsrc/uartps_v3_10/src"

TRACE::2026-02-14.20:19:38::SCWMssOS::make -C ps7_cortexa9_0/libsrc/uartps_v3_10/src -s libs  "SHELL=CMD" "COMPILER=arm-none-eabi-gcc" "ASSEMBLER=arm-none-eabi-as" "
TRACE::2026-02-14.20:19:38::SCWMssOS::ARCHIVER=arm-none-eabi-ar" "COMPILER_FLAGS=  -O2 -c" "EXTRA_COMPILER_FLAGS=-mcpu=cortex-a9 -mfpu=vfpv3 -mfloat-abi=hard -nostar
TRACE::2026-02-14.20:19:38::SCWMssOS::tfiles -g -Wall -Wextra"

TRACE::2026-02-14.20:19:41::SCWMssOS::'Finished building libraries parallelly.'

TRACE::2026-02-14.20:19:41::SCWMssOS::make --no-print-directory archive

TRACE::2026-02-14.20:19:41::SCWMssOS::arm-none-eabi-ar -r  ps7_cortexa9_0/lib/libxil.a ps7_cortexa9_0/lib/xadcps_selftest.o ps7_cortexa9_0/lib/xplatform_info.o ps7_c
TRACE::2026-02-14.20:19:41::SCWMssOS::ortexa9_0/lib/xil_mem.o ps7_cortexa9_0/lib/xtmrctr_options.o ps7_cortexa9_0/lib/_exit.o ps7_cortexa9_0/lib/isatty.o ps7_cortexa
TRACE::2026-02-14.20:19:41::SCWMssOS::9_0/lib/xusbps_sinit.o ps7_cortexa9_0/lib/xdevcfg_hw.o ps7_cortexa9_0/lib/xil_sleeptimer.o ps7_cortexa9_0/lib/xgpio_sinit.o ps7
TRACE::2026-02-14.20:19:41::SCWMssOS::_cortexa9_0/lib/xqspips_options.o ps7_cortexa9_0/lib/xdmaps_g.o ps7_cortexa9_0/lib/xscutimer_g.o ps7_cortexa9_0/lib/xsdps_optio
TRACE::2026-02-14.20:19:41::SCWMssOS::ns.o ps7_cortexa9_0/lib/xil_misc_psreset_api.o ps7_cortexa9_0/lib/xdmaps_sinit.o ps7_cortexa9_0/lib/xscutimer_sinit.o ps7_corte
TRACE::2026-02-14.20:19:41::SCWMssOS::xa9_0/lib/xemacps_hw.o ps7_cortexa9_0/lib/inbyte.o ps7_cortexa9_0/lib/xdmaps_selftest.o ps7_cortexa9_0/lib/xscutimer_selftest.o
TRACE::2026-02-14.20:19:41::SCWMssOS:: ps7_cortexa9_0/lib/putnum.o ps7_cortexa9_0/lib/xttcps_selftest.o ps7_cortexa9_0/lib/xqspips_hw.o ps7_cortexa9_0/lib/xgpiops_g.
TRACE::2026-02-14.20:19:41::SCWMssOS::o ps7_cortexa9_0/lib/xsdps.o ps7_cortexa9_0/lib/close.o ps7_cortexa9_0/lib/xemacps_g.o ps7_cortexa9_0/lib/xgpiops_sinit.o ps7_c
TRACE::2026-02-14.20:19:41::SCWMssOS::ortexa9_0/lib/xgpiops_selftest.o ps7_cortexa9_0/lib/xgpio_g.o ps7_cortexa9_0/lib/xscuwdt.o ps7_cortexa9_0/lib/xil_clocking.o ps
TRACE::2026-02-14.20:19:41::SCWMssOS::7_cortexa9_0/lib/xiicps_intr.o ps7_cortexa9_0/lib/xuartps_sinit.o ps7_cortexa9_0/lib/xgpio_selftest.o ps7_cortexa9_0/lib/xiicps
TRACE::2026-02-14.20:19:41::SCWMssOS::_slave.o ps7_cortexa9_0/lib/xil_printf.o ps7_cortexa9_0/lib/kill.o ps7_cortexa9_0/lib/xiicps_g.o ps7_cortexa9_0/lib/xadcps.o ps
TRACE::2026-02-14.20:19:41::SCWMssOS::7_cortexa9_0/lib/xiicps_options.o ps7_cortexa9_0/lib/xuartps_g.o ps7_cortexa9_0/lib/outbyte.o ps7_cortexa9_0/lib/lseek.o ps7_co
TRACE::2026-02-14.20:19:41::SCWMssOS::rtexa9_0/lib/xgpiops.o ps7_cortexa9_0/lib/xl2cc_counter.o ps7_cortexa9_0/lib/xiicps_hw.o ps7_cortexa9_0/lib/asm_vectors.o ps7_c
TRACE::2026-02-14.20:19:41::SCWMssOS::ortexa9_0/lib/abort.o ps7_cortexa9_0/lib/xdevcfg_g.o ps7_cortexa9_0/lib/getpid.o ps7_cortexa9_0/lib/xil_testcache.o ps7_cortexa
TRACE::2026-02-14.20:19:41::SCWMssOS::9_0/lib/xdevcfg_sinit.o ps7_cortexa9_0/lib/xdmaps.o ps7_cortexa9_0/lib/xscutimer.o ps7_cortexa9_0/lib/xdevcfg_selftest.o ps7_co
TRACE::2026-02-14.20:19:41::SCWMssOS::rtexa9_0/lib/xttcps.o ps7_cortexa9_0/lib/xpm_counter.o ps7_cortexa9_0/lib/xiicps.o ps7_cortexa9_0/lib/xtmrctr_sinit.o ps7_corte
TRACE::2026-02-14.20:19:41::SCWMssOS::xa9_0/lib/xiicps_master.o ps7_cortexa9_0/lib/xqspips_g.o ps7_cortexa9_0/lib/xemacps_bdring.o ps7_cortexa9_0/lib/xusbps_endpoint
TRACE::2026-02-14.20:19:41::SCWMssOS::.o ps7_cortexa9_0/lib/xusbps_g.o ps7_cortexa9_0/lib/xsdps_sinit.o ps7_cortexa9_0/lib/xuartps_selftest.o ps7_cortexa9_0/lib/xqsp
TRACE::2026-02-14.20:19:41::SCWMssOS::ips_selftest.o ps7_cortexa9_0/lib/xil_exception.o ps7_cortexa9_0/lib/sbrk.o ps7_cortexa9_0/lib/xil_testmem.o ps7_cortexa9_0/lib
TRACE::2026-02-14.20:19:41::SCWMssOS::/xusbps.o ps7_cortexa9_0/lib/xemacps_control.o ps7_cortexa9_0/lib/xdevcfg.o ps7_cortexa9_0/lib/open.o ps7_cortexa9_0/lib/xscugi
TRACE::2026-02-14.20:19:41::SCWMssOS::c_intr.o ps7_cortexa9_0/lib/xil_assert.o ps7_cortexa9_0/lib/xusbps_intr.o ps7_cortexa9_0/lib/xsdps_host.o ps7_cortexa9_0/lib/xc
TRACE::2026-02-14.20:19:41::SCWMssOS::oresightpsdcc.o ps7_cortexa9_0/lib/xiicps_xfer.o ps7_cortexa9_0/lib/xscugic_hw.o ps7_cortexa9_0/lib/sleep.o ps7_cortexa9_0/lib/
TRACE::2026-02-14.20:19:41::SCWMssOS::cpputest_time.o ps7_cortexa9_0/lib/_open.o ps7_cortexa9_0/lib/fcntl.o ps7_cortexa9_0/lib/xttcps_options.o ps7_cortexa9_0/lib/pr
TRACE::2026-02-14.20:19:41::SCWMssOS::int.o ps7_cortexa9_0/lib/read.o ps7_cortexa9_0/lib/_sbrk.o ps7_cortexa9_0/lib/xadcps_intr.o ps7_cortexa9_0/lib/xqspips.o ps7_co
TRACE::2026-02-14.20:19:41::SCWMssOS::rtexa9_0/lib/xemacps.o ps7_cortexa9_0/lib/xil_cache.o ps7_cortexa9_0/lib/xil_testio.o ps7_cortexa9_0/lib/unlink.o ps7_cortexa9_
TRACE::2026-02-14.20:19:41::SCWMssOS::0/lib/xtmrctr_selftest.o ps7_cortexa9_0/lib/translation_table.o ps7_cortexa9_0/lib/xusbps_hw.o ps7_cortexa9_0/lib/write.o ps7_c
TRACE::2026-02-14.20:19:41::SCWMssOS::ortexa9_0/lib/xil_mmu.o ps7_cortexa9_0/lib/boot.o ps7_cortexa9_0/lib/xiicps_selftest.o ps7_cortexa9_0/lib/cpu_init.o ps7_cortex
TRACE::2026-02-14.20:19:41::SCWMssOS::a9_0/lib/usleep.o ps7_cortexa9_0/lib/xil_sleepcommon.o ps7_cortexa9_0/lib/xgpiops_intr.o ps7_cortexa9_0/lib/xscugic_sinit.o ps7
TRACE::2026-02-14.20:19:41::SCWMssOS::_cortexa9_0/lib/xscugic_selftest.o ps7_cortexa9_0/lib/xuartps_hw.o ps7_cortexa9_0/lib/xgpio_intr.o ps7_cortexa9_0/lib/xttcps_g.
TRACE::2026-02-14.20:19:41::SCWMssOS::o ps7_cortexa9_0/lib/xtime_l.o ps7_cortexa9_0/lib/xtmrctr.o ps7_cortexa9_0/lib/xemacps_sinit.o ps7_cortexa9_0/lib/xil_util.o ps
TRACE::2026-02-14.20:19:41::SCWMssOS::7_cortexa9_0/lib/xuartps_intr.o ps7_cortexa9_0/lib/xuartps.o ps7_cortexa9_0/lib/xsdps_card.o ps7_cortexa9_0/lib/xtmrctr_g.o ps7
TRACE::2026-02-14.20:19:41::SCWMssOS::_cortexa9_0/lib/xdmaps_hw.o ps7_cortexa9_0/lib/xttcps_sinit.o ps7_cortexa9_0/lib/xgpiops_hw.o ps7_cortexa9_0/lib/xsdps_g.o ps7_
TRACE::2026-02-14.20:19:41::SCWMssOS::cortexa9_0/lib/fstat.o ps7_cortexa9_0/lib/errno.o ps7_cortexa9_0/lib/xgpio.o ps7_cortexa9_0/lib/xdevcfg_intr.o ps7_cortexa9_0/l
TRACE::2026-02-14.20:19:41::SCWMssOS::ib/xuartps_options.o ps7_cortexa9_0/lib/vectors.o ps7_cortexa9_0/lib/xtmrctr_l.o ps7_cortexa9_0/lib/xscuwdt_g.o ps7_cortexa9_0/
TRACE::2026-02-14.20:19:41::SCWMssOS::lib/xscuwdt_sinit.o ps7_cortexa9_0/lib/xtmrctr_intr.o ps7_cortexa9_0/lib/xemacps_intr.o ps7_cortexa9_0/lib/xscuwdt_selftest.o p
TRACE::2026-02-14.20:19:41::SCWMssOS::s7_cortexa9_0/lib/xgpio_extra.o ps7_cortexa9_0/lib/xscugic_g.o ps7_cortexa9_0/lib/xil-crt0.o ps7_cortexa9_0/lib/xscugic.o ps7_c
TRACE::2026-02-14.20:19:41::SCWMssOS::ortexa9_0/lib/xiicps_sinit.o ps7_cortexa9_0/lib/xadcps_g.o ps7_cortexa9_0/lib/xtmrctr_stats.o ps7_cortexa9_0/lib/xqspips_sinit.
TRACE::2026-02-14.20:19:41::SCWMssOS::o ps7_cortexa9_0/lib/xadcps_sinit.o

TRACE::2026-02-14.20:19:42::SCWMssOS::'Finished building libraries'

TRACE::2026-02-14.20:19:42::SCWMssOS::Copying to export directory.
TRACE::2026-02-14.20:19:42::SCWMssOS:: Checking if to create the Supporting Applications
TRACE::2026-02-14.20:19:42::SCWMssOS:: No Linux domain exists, trying to generate FSBL 
TRACE::2026-02-14.20:19:42::SCWMssOS:: Completed Standalone Artifacts creation 
LOG::2026-02-14.20:19:42::SCWSystem::Completed Processing the domain standalone_domain
LOG::2026-02-14.20:19:42::SCWSystem::Started Processing the domain standalone_ps7_cortexa9_1
TRACE::2026-02-14.20:19:42::SCWDomain::Generating domain artifcats
TRACE::2026-02-14.20:19:42::SCWMssOS::Generating standalone artifcats
TRACE::2026-02-14.20:19:42::SCWMssOS::Copying the qemu file from  C:/Xilinx/Vitis/2020.2/data/emulation/platforms/zynq/sw/a9_standalone/qemu/qemu_args.txt To C:/Zynq_Book/vitis_workspace/zedboard_platform/export/zedboard_platform/sw/zedboard_platform/standalone_ps7_cortexa9_1/qemu/
TRACE::2026-02-14.20:19:42::SCWMssOS:: Copying the user libraries. 
TRACE::2026-02-14.20:19:42::SCWPlatform::Trying to open the hw design at C:/Zynq_Book/vitis_workspace/zedboard_platform/hw/milestone_1_wrapper.xsa
TRACE::2026-02-14.20:19:42::SCWPlatform::DSA given C:/Zynq_Book/vitis_workspace/zedboard_platform/hw/milestone_1_wrapper.xsa
TRACE::2026-02-14.20:19:42::SCWPlatform::DSA absoulate path C:/Zynq_Book/vitis_workspace/zedboard_platform/hw/milestone_1_wrapper.xsa
TRACE::2026-02-14.20:19:42::SCWPlatform::DSA directory C:/Zynq_Book/vitis_workspace/zedboard_platform/hw
TRACE::2026-02-14.20:19:42::SCWPlatform:: Platform Path C:/Zynq_Book/vitis_workspace/zedboard_platform/hw/milestone_1_wrapper.xsa
TRACE::2026-02-14.20:19:42::SCWPlatform:: Unique name xilinx:zed::0.0
TRACE::2026-02-14.20:19:42::SCWPlatform::Trying to set the existing hwdb with name design_1_wrapper_1
TRACE::2026-02-14.20:19:42::SCWPlatform::Opened existing hwdb design_1_wrapper_1
TRACE::2026-02-14.20:19:42::SCWPlatform::Found the Hw Db part of the input DSA
TRACE::2026-02-14.20:19:42::SCWMssOS::Checking the sw design at  C:/Zynq_Book/vitis_workspace/zedboard_platform/ps7_cortexa9_1/standalone_ps7_cortexa9_1/bsp/system.mss
TRACE::2026-02-14.20:19:42::SCWMssOS::DEBUG:  swdes dump  C:/Zynq_Book/vitis_workspace/zedboard_platform/ps7_cortexa9_0/standalone_domain/bsp/system.mss|system||
C:/Zynq_Book/vitis_workspace/zedboard_platform/ps7_cortexa9_1/standalone_ps7_cortexa9_1/bsp/system.mss|system_0||

TRACE::2026-02-14.20:19:42::SCWMssOS::Sw design exists and opened at  C:/Zynq_Book/vitis_workspace/zedboard_platform/ps7_cortexa9_1/standalone_ps7_cortexa9_1/bsp/system.mss
TRACE::2026-02-14.20:19:42::SCWMssOS::Completed writing the mss file at C:/Zynq_Book/vitis_workspace/zedboard_platform/ps7_cortexa9_1/standalone_ps7_cortexa9_1/bsp
TRACE::2026-02-14.20:19:42::SCWMssOS::Mss edits present, copying mssfile into export location C:/Zynq_Book/vitis_workspace/zedboard_platform/ps7_cortexa9_1/standalone_ps7_cortexa9_1/bsp/system.mss
TRACE::2026-02-14.20:19:42::SCWMssOS::bsp generated is upto date with the mss file. Skipping bsp generation.
TRACE::2026-02-14.20:19:42::SCWMssOS::BSP is already built. skipping the bsp build ... 
TRACE::2026-02-14.20:19:42::SCWDomain::Building the domain as part of full build :  standalone_ps7_cortexa9_1
TRACE::2026-02-14.20:19:42::SCWMssOS::doing bsp build ... 
TRACE::2026-02-14.20:19:42::SCWMssOS::System Command Ran  C: & cd  C:/Zynq_Book/vitis_workspace/zedboard_platform/ps7_cortexa9_1/standalone_ps7_cortexa9_1/bsp & make 
TRACE::2026-02-14.20:19:42::SCWMssOS::make --no-print-directory seq_libs

TRACE::2026-02-14.20:19:43::SCWMssOS::'Finished building libraries sequentially.'

TRACE::2026-02-14.20:19:43::SCWMssOS::make -j --no-print-directory par_libs

TRACE::2026-02-14.20:19:43::SCWMssOS::"Running Make include in ps7_cortexa9_1/libsrc/coresightps_dcc_v1_8/src"

TRACE::2026-02-14.20:19:43::SCWMssOS::make -C ps7_cortexa9_1/libsrc/coresightps_dcc_v1_8/src -s include  "SHELL=CMD" "COMPILER=arm-none-eabi-gcc" "ASSEMBLER=arm-none
TRACE::2026-02-14.20:19:43::SCWMssOS::-eabi-as" "ARCHIVER=arm-none-eabi-ar" "COMPILER_FLAGS=  -O2 -c" "EXTRA_COMPILER_FLAGS=-mcpu=cortex-a9 -mfpu=vfpv3 -mfloat-abi=h
TRACE::2026-02-14.20:19:43::SCWMssOS::ard -nostartfiles -g -Wall -Wextra"

TRACE::2026-02-14.20:19:43::SCWMssOS::"Running Make include in ps7_cortexa9_1/libsrc/cpu_cortexa9_v2_10/src"

TRACE::2026-02-14.20:19:43::SCWMssOS::make -C ps7_cortexa9_1/libsrc/cpu_cortexa9_v2_10/src -s include  "SHELL=CMD" "COMPILER=arm-none-eabi-gcc" "ASSEMBLER=arm-none-e
TRACE::2026-02-14.20:19:43::SCWMssOS::abi-as" "ARCHIVER=arm-none-eabi-ar" "COMPILER_FLAGS=  -O2 -c" "EXTRA_COMPILER_FLAGS=-mcpu=cortex-a9 -mfpu=vfpv3 -mfloat-abi=har
TRACE::2026-02-14.20:19:43::SCWMssOS::d -nostartfiles -g -Wall -Wextra"

TRACE::2026-02-14.20:19:43::SCWMssOS::"Running Make include in ps7_cortexa9_1/libsrc/ddrps_v1_2/src"

TRACE::2026-02-14.20:19:43::SCWMssOS::make -C ps7_cortexa9_1/libsrc/ddrps_v1_2/src -s include  "SHELL=CMD" "COMPILER=arm-none-eabi-gcc" "ASSEMBLER=arm-none-eabi-as" 
TRACE::2026-02-14.20:19:43::SCWMssOS::"ARCHIVER=arm-none-eabi-ar" "COMPILER_FLAGS=  -O2 -c" "EXTRA_COMPILER_FLAGS=-mcpu=cortex-a9 -mfpu=vfpv3 -mfloat-abi=hard -nosta
TRACE::2026-02-14.20:19:43::SCWMssOS::rtfiles -g -Wall -Wextra"

TRACE::2026-02-14.20:19:43::SCWMssOS::"Running Make include in ps7_cortexa9_1/libsrc/devcfg_v3_7/src"

TRACE::2026-02-14.20:19:43::SCWMssOS::make -C ps7_cortexa9_1/libsrc/devcfg_v3_7/src -s include  "SHELL=CMD" "COMPILER=arm-none-eabi-gcc" "ASSEMBLER=arm-none-eabi-as"
TRACE::2026-02-14.20:19:43::SCWMssOS:: "ARCHIVER=arm-none-eabi-ar" "COMPILER_FLAGS=  -O2 -c" "EXTRA_COMPILER_FLAGS=-mcpu=cortex-a9 -mfpu=vfpv3 -mfloat-abi=hard -nost
TRACE::2026-02-14.20:19:43::SCWMssOS::artfiles -g -Wall -Wextra"

TRACE::2026-02-14.20:19:43::SCWMssOS::"Running Make include in ps7_cortexa9_1/libsrc/dmaps_v2_7/src"

TRACE::2026-02-14.20:19:43::SCWMssOS::make -C ps7_cortexa9_1/libsrc/dmaps_v2_7/src -s include  "SHELL=CMD" "COMPILER=arm-none-eabi-gcc" "ASSEMBLER=arm-none-eabi-as" 
TRACE::2026-02-14.20:19:43::SCWMssOS::"ARCHIVER=arm-none-eabi-ar" "COMPILER_FLAGS=  -O2 -c" "EXTRA_COMPILER_FLAGS=-mcpu=cortex-a9 -mfpu=vfpv3 -mfloat-abi=hard -nosta
TRACE::2026-02-14.20:19:43::SCWMssOS::rtfiles -g -Wall -Wextra"

TRACE::2026-02-14.20:19:43::SCWMssOS::"Running Make include in ps7_cortexa9_1/libsrc/emacps_v3_12/src"

TRACE::2026-02-14.20:19:43::SCWMssOS::make -C ps7_cortexa9_1/libsrc/emacps_v3_12/src -s include  "SHELL=CMD" "COMPILER=arm-none-eabi-gcc" "ASSEMBLER=arm-none-eabi-as
TRACE::2026-02-14.20:19:43::SCWMssOS::" "ARCHIVER=arm-none-eabi-ar" "COMPILER_FLAGS=  -O2 -c" "EXTRA_COMPILER_FLAGS=-mcpu=cortex-a9 -mfpu=vfpv3 -mfloat-abi=hard -nos
TRACE::2026-02-14.20:19:43::SCWMssOS::tartfiles -g -Wall -Wextra"

TRACE::2026-02-14.20:19:43::SCWMssOS::"Running Make include in ps7_cortexa9_1/libsrc/gpiops_v3_8/src"

TRACE::2026-02-14.20:19:43::SCWMssOS::make -C ps7_cortexa9_1/libsrc/gpiops_v3_8/src -s include  "SHELL=CMD" "COMPILER=arm-none-eabi-gcc" "ASSEMBLER=arm-none-eabi-as"
TRACE::2026-02-14.20:19:43::SCWMssOS:: "ARCHIVER=arm-none-eabi-ar" "COMPILER_FLAGS=  -O2 -c" "EXTRA_COMPILER_FLAGS=-mcpu=cortex-a9 -mfpu=vfpv3 -mfloat-abi=hard -nost
TRACE::2026-02-14.20:19:43::SCWMssOS::artfiles -g -Wall -Wextra"

TRACE::2026-02-14.20:19:43::SCWMssOS::"Running Make include in ps7_cortexa9_1/libsrc/gpio_v4_7/src"

TRACE::2026-02-14.20:19:43::SCWMssOS::make -C ps7_cortexa9_1/libsrc/gpio_v4_7/src -s include  "SHELL=CMD" "COMPILER=arm-none-eabi-gcc" "ASSEMBLER=arm-none-eabi-as" "
TRACE::2026-02-14.20:19:43::SCWMssOS::ARCHIVER=arm-none-eabi-ar" "COMPILER_FLAGS=  -O2 -c" "EXTRA_COMPILER_FLAGS=-mcpu=cortex-a9 -mfpu=vfpv3 -mfloat-abi=hard -nostar
TRACE::2026-02-14.20:19:43::SCWMssOS::tfiles -g -Wall -Wextra"

TRACE::2026-02-14.20:19:43::SCWMssOS::"Running Make include in ps7_cortexa9_1/libsrc/iicps_v3_12/src"

TRACE::2026-02-14.20:19:43::SCWMssOS::make -C ps7_cortexa9_1/libsrc/iicps_v3_12/src -s include  "SHELL=CMD" "COMPILER=arm-none-eabi-gcc" "ASSEMBLER=arm-none-eabi-as"
TRACE::2026-02-14.20:19:43::SCWMssOS:: "ARCHIVER=arm-none-eabi-ar" "COMPILER_FLAGS=  -O2 -c" "EXTRA_COMPILER_FLAGS=-mcpu=cortex-a9 -mfpu=vfpv3 -mfloat-abi=hard -nost
TRACE::2026-02-14.20:19:43::SCWMssOS::artfiles -g -Wall -Wextra"

TRACE::2026-02-14.20:19:43::SCWMssOS::"Running Make include in ps7_cortexa9_1/libsrc/qspips_v3_8/src"

TRACE::2026-02-14.20:19:43::SCWMssOS::make -C ps7_cortexa9_1/libsrc/qspips_v3_8/src -s include  "SHELL=CMD" "COMPILER=arm-none-eabi-gcc" "ASSEMBLER=arm-none-eabi-as"
TRACE::2026-02-14.20:19:43::SCWMssOS:: "ARCHIVER=arm-none-eabi-ar" "COMPILER_FLAGS=  -O2 -c" "EXTRA_COMPILER_FLAGS=-mcpu=cortex-a9 -mfpu=vfpv3 -mfloat-abi=hard -nost
TRACE::2026-02-14.20:19:43::SCWMssOS::artfiles -g -Wall -Wextra"

TRACE::2026-02-14.20:19:43::SCWMssOS::"Running Make include in ps7_cortexa9_1/libsrc/scugic_v4_3/src"

TRACE::2026-02-14.20:19:43::SCWMssOS::make -C ps7_cortexa9_1/libsrc/scugic_v4_3/src -s include  "SHELL=CMD" "COMPILER=arm-none-eabi-gcc" "ASSEMBLER=arm-none-eabi-as"
TRACE::2026-02-14.20:19:43::SCWMssOS:: "ARCHIVER=arm-none-eabi-ar" "COMPILER_FLAGS=  -O2 -c" "EXTRA_COMPILER_FLAGS=-mcpu=cortex-a9 -mfpu=vfpv3 -mfloat-abi=hard -nost
TRACE::2026-02-14.20:19:43::SCWMssOS::artfiles -g -Wall -Wextra"

TRACE::2026-02-14.20:19:43::SCWMssOS::"Running Make include in ps7_cortexa9_1/libsrc/scutimer_v2_3/src"

TRACE::2026-02-14.20:19:43::SCWMssOS::make -C ps7_cortexa9_1/libsrc/scutimer_v2_3/src -s include  "SHELL=CMD" "COMPILER=arm-none-eabi-gcc" "ASSEMBLER=arm-none-eabi-a
TRACE::2026-02-14.20:19:43::SCWMssOS::s" "ARCHIVER=arm-none-eabi-ar" "COMPILER_FLAGS=  -O2 -c" "EXTRA_COMPILER_FLAGS=-mcpu=cortex-a9 -mfpu=vfpv3 -mfloat-abi=hard -no
TRACE::2026-02-14.20:19:43::SCWMssOS::startfiles -g -Wall -Wextra"

TRACE::2026-02-14.20:19:43::SCWMssOS::"Running Make include in ps7_cortexa9_1/libsrc/scuwdt_v2_3/src"

TRACE::2026-02-14.20:19:43::SCWMssOS::make -C ps7_cortexa9_1/libsrc/scuwdt_v2_3/src -s include  "SHELL=CMD" "COMPILER=arm-none-eabi-gcc" "ASSEMBLER=arm-none-eabi-as"
TRACE::2026-02-14.20:19:43::SCWMssOS:: "ARCHIVER=arm-none-eabi-ar" "COMPILER_FLAGS=  -O2 -c" "EXTRA_COMPILER_FLAGS=-mcpu=cortex-a9 -mfpu=vfpv3 -mfloat-abi=hard -nost
TRACE::2026-02-14.20:19:43::SCWMssOS::artfiles -g -Wall -Wextra"

TRACE::2026-02-14.20:19:43::SCWMssOS::"Running Make include in ps7_cortexa9_1/libsrc/sdps_v3_10/src"

TRACE::2026-02-14.20:19:43::SCWMssOS::make -C ps7_cortexa9_1/libsrc/sdps_v3_10/src -s include  "SHELL=CMD" "COMPILER=arm-none-eabi-gcc" "ASSEMBLER=arm-none-eabi-as" 
TRACE::2026-02-14.20:19:43::SCWMssOS::"ARCHIVER=arm-none-eabi-ar" "COMPILER_FLAGS=  -O2 -c" "EXTRA_COMPILER_FLAGS=-mcpu=cortex-a9 -mfpu=vfpv3 -mfloat-abi=hard -nosta
TRACE::2026-02-14.20:19:43::SCWMssOS::rtfiles -g -Wall -Wextra"

TRACE::2026-02-14.20:19:43::SCWMssOS::"Running Make include in ps7_cortexa9_1/libsrc/standalone_v7_3/src"

TRACE::2026-02-14.20:19:43::SCWMssOS::make -C ps7_cortexa9_1/libsrc/standalone_v7_3/src -s include  "SHELL=CMD" "COMPILER=arm-none-eabi-gcc" "ASSEMBLER=arm-none-eabi
TRACE::2026-02-14.20:19:43::SCWMssOS::-as" "ARCHIVER=arm-none-eabi-ar" "COMPILER_FLAGS=  -O2 -c" "EXTRA_COMPILER_FLAGS=-mcpu=cortex-a9 -mfpu=vfpv3 -mfloat-abi=hard -
TRACE::2026-02-14.20:19:43::SCWMssOS::nostartfiles -g -Wall -Wextra"

TRACE::2026-02-14.20:19:43::SCWMssOS::"Running Make include in ps7_cortexa9_1/libsrc/tmrctr_v4_7/src"

TRACE::2026-02-14.20:19:43::SCWMssOS::make -C ps7_cortexa9_1/libsrc/tmrctr_v4_7/src -s include  "SHELL=CMD" "COMPILER=arm-none-eabi-gcc" "ASSEMBLER=arm-none-eabi-as"
TRACE::2026-02-14.20:19:43::SCWMssOS:: "ARCHIVER=arm-none-eabi-ar" "COMPILER_FLAGS=  -O2 -c" "EXTRA_COMPILER_FLAGS=-mcpu=cortex-a9 -mfpu=vfpv3 -mfloat-abi=hard -nost
TRACE::2026-02-14.20:19:43::SCWMssOS::artfiles -g -Wall -Wextra"

TRACE::2026-02-14.20:19:43::SCWMssOS::"Running Make include in ps7_cortexa9_1/libsrc/ttcps_v3_12/src"

TRACE::2026-02-14.20:19:43::SCWMssOS::make -C ps7_cortexa9_1/libsrc/ttcps_v3_12/src -s include  "SHELL=CMD" "COMPILER=arm-none-eabi-gcc" "ASSEMBLER=arm-none-eabi-as"
TRACE::2026-02-14.20:19:43::SCWMssOS:: "ARCHIVER=arm-none-eabi-ar" "COMPILER_FLAGS=  -O2 -c" "EXTRA_COMPILER_FLAGS=-mcpu=cortex-a9 -mfpu=vfpv3 -mfloat-abi=hard -nost
TRACE::2026-02-14.20:19:43::SCWMssOS::artfiles -g -Wall -Wextra"

TRACE::2026-02-14.20:19:43::SCWMssOS::"Running Make include in ps7_cortexa9_1/libsrc/uartps_v3_10/src"

TRACE::2026-02-14.20:19:44::SCWMssOS::make -C ps7_cortexa9_1/libsrc/uartps_v3_10/src -s include  "SHELL=CMD" "COMPILER=arm-none-eabi-gcc" "ASSEMBLER=arm-none-eabi-as
TRACE::2026-02-14.20:19:44::SCWMssOS::" "ARCHIVER=arm-none-eabi-ar" "COMPILER_FLAGS=  -O2 -c" "EXTRA_COMPILER_FLAGS=-mcpu=cortex-a9 -mfpu=vfpv3 -mfloat-abi=hard -nos
TRACE::2026-02-14.20:19:44::SCWMssOS::tartfiles -g -Wall -Wextra"

TRACE::2026-02-14.20:19:44::SCWMssOS::"Running Make include in ps7_cortexa9_1/libsrc/usbps_v2_6/src"

TRACE::2026-02-14.20:19:44::SCWMssOS::make -C ps7_cortexa9_1/libsrc/usbps_v2_6/src -s include  "SHELL=CMD" "COMPILER=arm-none-eabi-gcc" "ASSEMBLER=arm-none-eabi-as" 
TRACE::2026-02-14.20:19:44::SCWMssOS::"ARCHIVER=arm-none-eabi-ar" "COMPILER_FLAGS=  -O2 -c" "EXTRA_COMPILER_FLAGS=-mcpu=cortex-a9 -mfpu=vfpv3 -mfloat-abi=hard -nosta
TRACE::2026-02-14.20:19:44::SCWMssOS::rtfiles -g -Wall -Wextra"

TRACE::2026-02-14.20:19:44::SCWMssOS::"Running Make include in ps7_cortexa9_1/libsrc/xadcps_v2_5/src"

TRACE::2026-02-14.20:19:44::SCWMssOS::make -C ps7_cortexa9_1/libsrc/xadcps_v2_5/src -s include  "SHELL=CMD" "COMPILER=arm-none-eabi-gcc" "ASSEMBLER=arm-none-eabi-as"
TRACE::2026-02-14.20:19:44::SCWMssOS:: "ARCHIVER=arm-none-eabi-ar" "COMPILER_FLAGS=  -O2 -c" "EXTRA_COMPILER_FLAGS=-mcpu=cortex-a9 -mfpu=vfpv3 -mfloat-abi=hard -nost
TRACE::2026-02-14.20:19:44::SCWMssOS::artfiles -g -Wall -Wextra"

TRACE::2026-02-14.20:19:44::SCWMssOS::"Running Make libs in ps7_cortexa9_1/libsrc/coresightps_dcc_v1_8/src"

TRACE::2026-02-14.20:19:44::SCWMssOS::make -C ps7_cortexa9_1/libsrc/coresightps_dcc_v1_8/src -s libs  "SHELL=CMD" "COMPILER=arm-none-eabi-gcc" "ASSEMBLER=arm-none-ea
TRACE::2026-02-14.20:19:44::SCWMssOS::bi-as" "ARCHIVER=arm-none-eabi-ar" "COMPILER_FLAGS=  -O2 -c" "EXTRA_COMPILER_FLAGS=-mcpu=cortex-a9 -mfpu=vfpv3 -mfloat-abi=hard
TRACE::2026-02-14.20:19:44::SCWMssOS:: -nostartfiles -g -Wall -Wextra"

TRACE::2026-02-14.20:19:44::SCWMssOS::"Running Make libs in ps7_cortexa9_1/libsrc/cpu_cortexa9_v2_10/src"

TRACE::2026-02-14.20:19:44::SCWMssOS::make -C ps7_cortexa9_1/libsrc/cpu_cortexa9_v2_10/src -s libs  "SHELL=CMD" "COMPILER=arm-none-eabi-gcc" "ASSEMBLER=arm-none-eabi
TRACE::2026-02-14.20:19:44::SCWMssOS::-as" "ARCHIVER=arm-none-eabi-ar" "COMPILER_FLAGS=  -O2 -c" "EXTRA_COMPILER_FLAGS=-mcpu=cortex-a9 -mfpu=vfpv3 -mfloat-abi=hard -
TRACE::2026-02-14.20:19:44::SCWMssOS::nostartfiles -g -Wall -Wextra"

TRACE::2026-02-14.20:19:44::SCWMssOS::"Running Make libs in ps7_cortexa9_1/libsrc/ddrps_v1_2/src"

TRACE::2026-02-14.20:19:44::SCWMssOS::make -C ps7_cortexa9_1/libsrc/ddrps_v1_2/src -s libs  "SHELL=CMD" "COMPILER=arm-none-eabi-gcc" "ASSEMBLER=arm-none-eabi-as" "AR
TRACE::2026-02-14.20:19:44::SCWMssOS::CHIVER=arm-none-eabi-ar" "COMPILER_FLAGS=  -O2 -c" "EXTRA_COMPILER_FLAGS=-mcpu=cortex-a9 -mfpu=vfpv3 -mfloat-abi=hard -nostartf
TRACE::2026-02-14.20:19:44::SCWMssOS::iles -g -Wall -Wextra"

TRACE::2026-02-14.20:19:44::SCWMssOS::"Running Make libs in ps7_cortexa9_1/libsrc/devcfg_v3_7/src"

TRACE::2026-02-14.20:19:44::SCWMssOS::make -C ps7_cortexa9_1/libsrc/devcfg_v3_7/src -s libs  "SHELL=CMD" "COMPILER=arm-none-eabi-gcc" "ASSEMBLER=arm-none-eabi-as" "A
TRACE::2026-02-14.20:19:44::SCWMssOS::RCHIVER=arm-none-eabi-ar" "COMPILER_FLAGS=  -O2 -c" "EXTRA_COMPILER_FLAGS=-mcpu=cortex-a9 -mfpu=vfpv3 -mfloat-abi=hard -nostart
TRACE::2026-02-14.20:19:44::SCWMssOS::files -g -Wall -Wextra"

TRACE::2026-02-14.20:19:44::SCWMssOS::"Running Make libs in ps7_cortexa9_1/libsrc/dmaps_v2_7/src"

TRACE::2026-02-14.20:19:44::SCWMssOS::make -C ps7_cortexa9_1/libsrc/dmaps_v2_7/src -s libs  "SHELL=CMD" "COMPILER=arm-none-eabi-gcc" "ASSEMBLER=arm-none-eabi-as" "AR
TRACE::2026-02-14.20:19:44::SCWMssOS::CHIVER=arm-none-eabi-ar" "COMPILER_FLAGS=  -O2 -c" "EXTRA_COMPILER_FLAGS=-mcpu=cortex-a9 -mfpu=vfpv3 -mfloat-abi=hard -nostartf
TRACE::2026-02-14.20:19:44::SCWMssOS::iles -g -Wall -Wextra"

TRACE::2026-02-14.20:19:44::SCWMssOS::"Running Make libs in ps7_cortexa9_1/libsrc/emacps_v3_12/src"

TRACE::2026-02-14.20:19:44::SCWMssOS::make -C ps7_cortexa9_1/libsrc/emacps_v3_12/src -s libs  "SHELL=CMD" "COMPILER=arm-none-eabi-gcc" "ASSEMBLER=arm-none-eabi-as" "
TRACE::2026-02-14.20:19:44::SCWMssOS::ARCHIVER=arm-none-eabi-ar" "COMPILER_FLAGS=  -O2 -c" "EXTRA_COMPILER_FLAGS=-mcpu=cortex-a9 -mfpu=vfpv3 -mfloat-abi=hard -nostar
TRACE::2026-02-14.20:19:44::SCWMssOS::tfiles -g -Wall -Wextra"

TRACE::2026-02-14.20:19:44::SCWMssOS::"Running Make libs in ps7_cortexa9_1/libsrc/gpiops_v3_8/src"

TRACE::2026-02-14.20:19:44::SCWMssOS::make -C ps7_cortexa9_1/libsrc/gpiops_v3_8/src -s libs  "SHELL=CMD" "COMPILER=arm-none-eabi-gcc" "ASSEMBLER=arm-none-eabi-as" "A
TRACE::2026-02-14.20:19:44::SCWMssOS::RCHIVER=arm-none-eabi-ar" "COMPILER_FLAGS=  -O2 -c" "EXTRA_COMPILER_FLAGS=-mcpu=cortex-a9 -mfpu=vfpv3 -mfloat-abi=hard -nostart
TRACE::2026-02-14.20:19:44::SCWMssOS::files -g -Wall -Wextra"

TRACE::2026-02-14.20:19:44::SCWMssOS::"Running Make libs in ps7_cortexa9_1/libsrc/gpio_v4_7/src"

TRACE::2026-02-14.20:19:44::SCWMssOS::make -C ps7_cortexa9_1/libsrc/gpio_v4_7/src -s libs  "SHELL=CMD" "COMPILER=arm-none-eabi-gcc" "ASSEMBLER=arm-none-eabi-as" "ARC
TRACE::2026-02-14.20:19:44::SCWMssOS::HIVER=arm-none-eabi-ar" "COMPILER_FLAGS=  -O2 -c" "EXTRA_COMPILER_FLAGS=-mcpu=cortex-a9 -mfpu=vfpv3 -mfloat-abi=hard -nostartfi
TRACE::2026-02-14.20:19:44::SCWMssOS::les -g -Wall -Wextra"

TRACE::2026-02-14.20:19:44::SCWMssOS::"Running Make libs in ps7_cortexa9_1/libsrc/iicps_v3_12/src"

TRACE::2026-02-14.20:19:44::SCWMssOS::make -C ps7_cortexa9_1/libsrc/iicps_v3_12/src -s libs  "SHELL=CMD" "COMPILER=arm-none-eabi-gcc" "ASSEMBLER=arm-none-eabi-as" "A
TRACE::2026-02-14.20:19:44::SCWMssOS::RCHIVER=arm-none-eabi-ar" "COMPILER_FLAGS=  -O2 -c" "EXTRA_COMPILER_FLAGS=-mcpu=cortex-a9 -mfpu=vfpv3 -mfloat-abi=hard -nostart
TRACE::2026-02-14.20:19:44::SCWMssOS::files -g -Wall -Wextra"

TRACE::2026-02-14.20:19:45::SCWMssOS::"Running Make libs in ps7_cortexa9_1/libsrc/qspips_v3_8/src"

TRACE::2026-02-14.20:19:45::SCWMssOS::"Running Make libs in ps7_cortexa9_1/libsrc/scugic_v4_3/src"

TRACE::2026-02-14.20:19:45::SCWMssOS::"Running Make libs in ps7_cortexa9_1/libsrc/sdps_v3_10/src"

TRACE::2026-02-14.20:19:45::SCWMssOS::"Running Make libs in ps7_cortexa9_1/libsrc/scutimer_v2_3/src"

TRACE::2026-02-14.20:19:45::SCWMssOS::"Running Make libs in ps7_cortexa9_1/libsrc/scuwdt_v2_3/src"

TRACE::2026-02-14.20:19:45::SCWMssOS::make -C ps7_cortexa9_1/libsrc/qspips_v3_8/src -s libs  "SHELL=CMD" "COMPILER=arm-none-eabi-gcc" "ASSEMBLER=arm-none-eabi-as" "A
TRACE::2026-02-14.20:19:45::SCWMssOS::RCHIVER=arm-none-eabi-ar" "COMPILER_FLAGS=  -O2 -c" "EXTRA_COMPILER_FLAGS=-mcpu=cortex-a9 -mfpu=vfpv3 -mfloat-abi=hard -nostart
TRACE::2026-02-14.20:19:45::SCWMssOS::files -g -Wall -Wextra"

TRACE::2026-02-14.20:19:45::SCWMssOS::make -C ps7_cortexa9_1/libsrc/scugic_v4_3/src -s libs  "SHELL=CMD" "COMPILER=arm-none-eabi-gcc" "ASSEMBLER=arm-none-eabi-as" "A
TRACE::2026-02-14.20:19:45::SCWMssOS::RCHIVER=arm-none-eabi-ar" "COMPILER_FLAGS=  -O2 -c" "EXTRA_COMPILER_FLAGS=-mcpu=cortex-a9 -mfpu=vfpv3 -mfloat-abi=hard -nostart
TRACE::2026-02-14.20:19:45::SCWMssOS::files -g -Wall -Wextra"

TRACE::2026-02-14.20:19:45::SCWMssOS::make -C ps7_cortexa9_1/libsrc/scutimer_v2_3/src -s libs  "SHELL=CMD" "COMPILER=arm-none-eabi-gcc" "ASSEMBLER=arm-none-eabi-as" 
TRACE::2026-02-14.20:19:45::SCWMssOS::"ARCHIVER=arm-none-eabi-ar" "COMPILER_FLAGS=  -O2 -c" "EXTRA_COMPILER_FLAGS=-mcpu=cortex-a9 -mfpu=vfpv3 -mfloat-abi=hard -nosta
TRACE::2026-02-14.20:19:45::SCWMssOS::rtfiles -g -Wall -Wextra"

TRACE::2026-02-14.20:19:45::SCWMssOS::make -C ps7_cortexa9_1/libsrc/scuwdt_v2_3/src -s libs  "SHELL=CMD" "COMPILER=arm-none-eabi-gcc" "ASSEMBLER=arm-none-eabi-as" "A
TRACE::2026-02-14.20:19:45::SCWMssOS::RCHIVER=arm-none-eabi-ar" "COMPILER_FLAGS=  -O2 -c" "EXTRA_COMPILER_FLAGS=-mcpu=cortex-a9 -mfpu=vfpv3 -mfloat-abi=hard -nostart
TRACE::2026-02-14.20:19:45::SCWMssOS::files -g -Wall -Wextra"

TRACE::2026-02-14.20:19:45::SCWMssOS::make -C ps7_cortexa9_1/libsrc/sdps_v3_10/src -s libs  "SHELL=CMD" "COMPILER=arm-none-eabi-gcc" "ASSEMBLER=arm-none-eabi-as" "AR
TRACE::2026-02-14.20:19:45::SCWMssOS::CHIVER=arm-none-eabi-ar" "COMPILER_FLAGS=  -O2 -c" "EXTRA_COMPILER_FLAGS=-mcpu=cortex-a9 -mfpu=vfpv3 -mfloat-abi=hard -nostartf
TRACE::2026-02-14.20:19:45::SCWMssOS::iles -g -Wall -Wextra"

TRACE::2026-02-14.20:19:45::SCWMssOS::"Running Make libs in ps7_cortexa9_1/libsrc/usbps_v2_6/src"

TRACE::2026-02-14.20:19:45::SCWMssOS::make -C ps7_cortexa9_1/libsrc/usbps_v2_6/src -s libs  "SHELL=CMD" "COMPILER=arm-none-eabi-gcc" "ASSEMBLER=arm-none-eabi-as" "AR
TRACE::2026-02-14.20:19:45::SCWMssOS::CHIVER=arm-none-eabi-ar" "COMPILER_FLAGS=  -O2 -c" "EXTRA_COMPILER_FLAGS=-mcpu=cortex-a9 -mfpu=vfpv3 -mfloat-abi=hard -nostartf
TRACE::2026-02-14.20:19:45::SCWMssOS::iles -g -Wall -Wextra"

TRACE::2026-02-14.20:19:45::SCWMssOS::"Running Make libs in ps7_cortexa9_1/libsrc/standalone_v7_3/src"

TRACE::2026-02-14.20:19:45::SCWMssOS::"Running Make libs in ps7_cortexa9_1/libsrc/uartps_v3_10/src"

TRACE::2026-02-14.20:19:45::SCWMssOS::make -C ps7_cortexa9_1/libsrc/standalone_v7_3/src -s libs  "SHELL=CMD" "COMPILER=arm-none-eabi-gcc" "ASSEMBLER=arm-none-eabi-as
TRACE::2026-02-14.20:19:45::SCWMssOS::" "ARCHIVER=arm-none-eabi-ar" "COMPILER_FLAGS=  -O2 -c" "EXTRA_COMPILER_FLAGS=-mcpu=cortex-a9 -mfpu=vfpv3 -mfloat-abi=hard -nos
TRACE::2026-02-14.20:19:45::SCWMssOS::tartfiles -g -Wall -Wextra"

TRACE::2026-02-14.20:19:45::SCWMssOS::"Running Make libs in ps7_cortexa9_1/libsrc/tmrctr_v4_7/src"

TRACE::2026-02-14.20:19:45::SCWMssOS::make -C ps7_cortexa9_1/libsrc/uartps_v3_10/src -s libs  "SHELL=CMD" "COMPILER=arm-none-eabi-gcc" "ASSEMBLER=arm-none-eabi-as" "
TRACE::2026-02-14.20:19:45::SCWMssOS::ARCHIVER=arm-none-eabi-ar" "COMPILER_FLAGS=  -O2 -c" "EXTRA_COMPILER_FLAGS=-mcpu=cortex-a9 -mfpu=vfpv3 -mfloat-abi=hard -nostar
TRACE::2026-02-14.20:19:45::SCWMssOS::tfiles -g -Wall -Wextra"

TRACE::2026-02-14.20:19:45::SCWMssOS::make -C ps7_cortexa9_1/libsrc/tmrctr_v4_7/src -s libs  "SHELL=CMD" "COMPILER=arm-none-eabi-gcc" "ASSEMBLER=arm-none-eabi-as" "A
TRACE::2026-02-14.20:19:45::SCWMssOS::RCHIVER=arm-none-eabi-ar" "COMPILER_FLAGS=  -O2 -c" "EXTRA_COMPILER_FLAGS=-mcpu=cortex-a9 -mfpu=vfpv3 -mfloat-abi=hard -nostart
TRACE::2026-02-14.20:19:45::SCWMssOS::files -g -Wall -Wextra"

TRACE::2026-02-14.20:19:46::SCWMssOS::"Running Make libs in ps7_cortexa9_1/libsrc/xadcps_v2_5/src"

TRACE::2026-02-14.20:19:46::SCWMssOS::"Running Make libs in ps7_cortexa9_1/libsrc/ttcps_v3_12/src"

TRACE::2026-02-14.20:19:46::SCWMssOS::make -C ps7_cortexa9_1/libsrc/xadcps_v2_5/src -s libs  "SHELL=CMD" "COMPILER=arm-none-eabi-gcc" "ASSEMBLER=arm-none-eabi-as" "A
TRACE::2026-02-14.20:19:46::SCWMssOS::RCHIVER=arm-none-eabi-ar" "COMPILER_FLAGS=  -O2 -c" "EXTRA_COMPILER_FLAGS=-mcpu=cortex-a9 -mfpu=vfpv3 -mfloat-abi=hard -nostart
TRACE::2026-02-14.20:19:46::SCWMssOS::files -g -Wall -Wextra"

TRACE::2026-02-14.20:19:46::SCWMssOS::make -C ps7_cortexa9_1/libsrc/ttcps_v3_12/src -s libs  "SHELL=CMD" "COMPILER=arm-none-eabi-gcc" "ASSEMBLER=arm-none-eabi-as" "A
TRACE::2026-02-14.20:19:46::SCWMssOS::RCHIVER=arm-none-eabi-ar" "COMPILER_FLAGS=  -O2 -c" "EXTRA_COMPILER_FLAGS=-mcpu=cortex-a9 -mfpu=vfpv3 -mfloat-abi=hard -nostart
TRACE::2026-02-14.20:19:46::SCWMssOS::files -g -Wall -Wextra"

TRACE::2026-02-14.20:19:51::SCWMssOS::'Finished building libraries parallelly.'

TRACE::2026-02-14.20:19:51::SCWMssOS::make --no-print-directory archive

TRACE::2026-02-14.20:19:51::SCWMssOS::arm-none-eabi-ar -r  ps7_cortexa9_1/lib/libxil.a ps7_cortexa9_1/lib/xadcps_selftest.o ps7_cortexa9_1/lib/xplatform_info.o ps7_c
TRACE::2026-02-14.20:19:51::SCWMssOS::ortexa9_1/lib/xil_mem.o ps7_cortexa9_1/lib/xtmrctr_options.o ps7_cortexa9_1/lib/_exit.o ps7_cortexa9_1/lib/isatty.o ps7_cortexa
TRACE::2026-02-14.20:19:51::SCWMssOS::9_1/lib/xusbps_sinit.o ps7_cortexa9_1/lib/xdevcfg_hw.o ps7_cortexa9_1/lib/xil_sleeptimer.o ps7_cortexa9_1/lib/xgpio_sinit.o ps7
TRACE::2026-02-14.20:19:51::SCWMssOS::_cortexa9_1/lib/xqspips_options.o ps7_cortexa9_1/lib/xdmaps_g.o ps7_cortexa9_1/lib/xscutimer_g.o ps7_cortexa9_1/lib/xsdps_optio
TRACE::2026-02-14.20:19:51::SCWMssOS::ns.o ps7_cortexa9_1/lib/xil_misc_psreset_api.o ps7_cortexa9_1/lib/xdmaps_sinit.o ps7_cortexa9_1/lib/xscutimer_sinit.o ps7_corte
TRACE::2026-02-14.20:19:51::SCWMssOS::xa9_1/lib/xemacps_hw.o ps7_cortexa9_1/lib/inbyte.o ps7_cortexa9_1/lib/xdmaps_selftest.o ps7_cortexa9_1/lib/xscutimer_selftest.o
TRACE::2026-02-14.20:19:51::SCWMssOS:: ps7_cortexa9_1/lib/putnum.o ps7_cortexa9_1/lib/xttcps_selftest.o ps7_cortexa9_1/lib/xqspips_hw.o ps7_cortexa9_1/lib/xgpiops_g.
TRACE::2026-02-14.20:19:51::SCWMssOS::o ps7_cortexa9_1/lib/xsdps.o ps7_cortexa9_1/lib/close.o ps7_cortexa9_1/lib/xemacps_g.o ps7_cortexa9_1/lib/xgpiops_sinit.o ps7_c
TRACE::2026-02-14.20:19:51::SCWMssOS::ortexa9_1/lib/xgpiops_selftest.o ps7_cortexa9_1/lib/xgpio_g.o ps7_cortexa9_1/lib/xscuwdt.o ps7_cortexa9_1/lib/xil_clocking.o ps
TRACE::2026-02-14.20:19:51::SCWMssOS::7_cortexa9_1/lib/xiicps_intr.o ps7_cortexa9_1/lib/xuartps_sinit.o ps7_cortexa9_1/lib/xgpio_selftest.o ps7_cortexa9_1/lib/xiicps
TRACE::2026-02-14.20:19:51::SCWMssOS::_slave.o ps7_cortexa9_1/lib/xil_printf.o ps7_cortexa9_1/lib/kill.o ps7_cortexa9_1/lib/xiicps_g.o ps7_cortexa9_1/lib/xadcps.o ps
TRACE::2026-02-14.20:19:51::SCWMssOS::7_cortexa9_1/lib/xiicps_options.o ps7_cortexa9_1/lib/xuartps_g.o ps7_cortexa9_1/lib/outbyte.o ps7_cortexa9_1/lib/lseek.o ps7_co
TRACE::2026-02-14.20:19:51::SCWMssOS::rtexa9_1/lib/xgpiops.o ps7_cortexa9_1/lib/xl2cc_counter.o ps7_cortexa9_1/lib/xiicps_hw.o ps7_cortexa9_1/lib/asm_vectors.o ps7_c
TRACE::2026-02-14.20:19:51::SCWMssOS::ortexa9_1/lib/abort.o ps7_cortexa9_1/lib/xdevcfg_g.o ps7_cortexa9_1/lib/getpid.o ps7_cortexa9_1/lib/xil_testcache.o ps7_cortexa
TRACE::2026-02-14.20:19:51::SCWMssOS::9_1/lib/xdevcfg_sinit.o ps7_cortexa9_1/lib/xdmaps.o ps7_cortexa9_1/lib/xscutimer.o ps7_cortexa9_1/lib/xdevcfg_selftest.o ps7_co
TRACE::2026-02-14.20:19:51::SCWMssOS::rtexa9_1/lib/xttcps.o ps7_cortexa9_1/lib/xpm_counter.o ps7_cortexa9_1/lib/xiicps.o ps7_cortexa9_1/lib/xtmrctr_sinit.o ps7_corte
TRACE::2026-02-14.20:19:51::SCWMssOS::xa9_1/lib/xiicps_master.o ps7_cortexa9_1/lib/xqspips_g.o ps7_cortexa9_1/lib/xemacps_bdring.o ps7_cortexa9_1/lib/xusbps_endpoint
TRACE::2026-02-14.20:19:51::SCWMssOS::.o ps7_cortexa9_1/lib/xusbps_g.o ps7_cortexa9_1/lib/xsdps_sinit.o ps7_cortexa9_1/lib/xuartps_selftest.o ps7_cortexa9_1/lib/xqsp
TRACE::2026-02-14.20:19:51::SCWMssOS::ips_selftest.o ps7_cortexa9_1/lib/xil_exception.o ps7_cortexa9_1/lib/sbrk.o ps7_cortexa9_1/lib/xil_testmem.o ps7_cortexa9_1/lib
TRACE::2026-02-14.20:19:51::SCWMssOS::/xusbps.o ps7_cortexa9_1/lib/xemacps_control.o ps7_cortexa9_1/lib/xdevcfg.o ps7_cortexa9_1/lib/open.o ps7_cortexa9_1/lib/xscugi
TRACE::2026-02-14.20:19:51::SCWMssOS::c_intr.o ps7_cortexa9_1/lib/xil_assert.o ps7_cortexa9_1/lib/xusbps_intr.o ps7_cortexa9_1/lib/xsdps_host.o ps7_cortexa9_1/lib/xc
TRACE::2026-02-14.20:19:51::SCWMssOS::oresightpsdcc.o ps7_cortexa9_1/lib/xiicps_xfer.o ps7_cortexa9_1/lib/xscugic_hw.o ps7_cortexa9_1/lib/sleep.o ps7_cortexa9_1/lib/
TRACE::2026-02-14.20:19:51::SCWMssOS::cpputest_time.o ps7_cortexa9_1/lib/_open.o ps7_cortexa9_1/lib/fcntl.o ps7_cortexa9_1/lib/xttcps_options.o ps7_cortexa9_1/lib/pr
TRACE::2026-02-14.20:19:51::SCWMssOS::int.o ps7_cortexa9_1/lib/read.o ps7_cortexa9_1/lib/_sbrk.o ps7_cortexa9_1/lib/xadcps_intr.o ps7_cortexa9_1/lib/xqspips.o ps7_co
TRACE::2026-02-14.20:19:51::SCWMssOS::rtexa9_1/lib/xemacps.o ps7_cortexa9_1/lib/xil_cache.o ps7_cortexa9_1/lib/xil_testio.o ps7_cortexa9_1/lib/unlink.o ps7_cortexa9_
TRACE::2026-02-14.20:19:51::SCWMssOS::1/lib/xtmrctr_selftest.o ps7_cortexa9_1/lib/translation_table.o ps7_cortexa9_1/lib/xusbps_hw.o ps7_cortexa9_1/lib/write.o ps7_c
TRACE::2026-02-14.20:19:51::SCWMssOS::ortexa9_1/lib/xil_mmu.o ps7_cortexa9_1/lib/boot.o ps7_cortexa9_1/lib/xiicps_selftest.o ps7_cortexa9_1/lib/cpu_init.o ps7_cortex
TRACE::2026-02-14.20:19:51::SCWMssOS::a9_1/lib/usleep.o ps7_cortexa9_1/lib/xil_sleepcommon.o ps7_cortexa9_1/lib/xgpiops_intr.o ps7_cortexa9_1/lib/xscugic_sinit.o ps7
TRACE::2026-02-14.20:19:51::SCWMssOS::_cortexa9_1/lib/xscugic_selftest.o ps7_cortexa9_1/lib/xuartps_hw.o ps7_cortexa9_1/lib/xgpio_intr.o ps7_cortexa9_1/lib/xttcps_g.
TRACE::2026-02-14.20:19:51::SCWMssOS::o ps7_cortexa9_1/lib/xtime_l.o ps7_cortexa9_1/lib/xtmrctr.o ps7_cortexa9_1/lib/xemacps_sinit.o ps7_cortexa9_1/lib/xil_util.o ps
TRACE::2026-02-14.20:19:51::SCWMssOS::7_cortexa9_1/lib/xuartps_intr.o ps7_cortexa9_1/lib/xuartps.o ps7_cortexa9_1/lib/xsdps_card.o ps7_cortexa9_1/lib/xtmrctr_g.o ps7
TRACE::2026-02-14.20:19:51::SCWMssOS::_cortexa9_1/lib/xdmaps_hw.o ps7_cortexa9_1/lib/xttcps_sinit.o ps7_cortexa9_1/lib/xgpiops_hw.o ps7_cortexa9_1/lib/xsdps_g.o ps7_
TRACE::2026-02-14.20:19:51::SCWMssOS::cortexa9_1/lib/fstat.o ps7_cortexa9_1/lib/errno.o ps7_cortexa9_1/lib/xgpio.o ps7_cortexa9_1/lib/xdevcfg_intr.o ps7_cortexa9_1/l
TRACE::2026-02-14.20:19:51::SCWMssOS::ib/xuartps_options.o ps7_cortexa9_1/lib/vectors.o ps7_cortexa9_1/lib/xtmrctr_l.o ps7_cortexa9_1/lib/xscuwdt_g.o ps7_cortexa9_1/
TRACE::2026-02-14.20:19:51::SCWMssOS::lib/xscuwdt_sinit.o ps7_cortexa9_1/lib/xtmrctr_intr.o ps7_cortexa9_1/lib/xemacps_intr.o ps7_cortexa9_1/lib/xscuwdt_selftest.o p
TRACE::2026-02-14.20:19:51::SCWMssOS::s7_cortexa9_1/lib/xgpio_extra.o ps7_cortexa9_1/lib/xscugic_g.o ps7_cortexa9_1/lib/xil-crt0.o ps7_cortexa9_1/lib/xscugic.o ps7_c
TRACE::2026-02-14.20:19:51::SCWMssOS::ortexa9_1/lib/xiicps_sinit.o ps7_cortexa9_1/lib/xadcps_g.o ps7_cortexa9_1/lib/xtmrctr_stats.o ps7_cortexa9_1/lib/xqspips_sinit.
TRACE::2026-02-14.20:19:51::SCWMssOS::o ps7_cortexa9_1/lib/xadcps_sinit.o

TRACE::2026-02-14.20:19:52::SCWMssOS::'Finished building libraries'

TRACE::2026-02-14.20:19:52::SCWMssOS::Copying to export directory.
TRACE::2026-02-14.20:19:53::SCWMssOS:: Checking if to create the Supporting Applications
TRACE::2026-02-14.20:19:53::SCWMssOS:: No Linux domain exists, trying to generate FSBL 
TRACE::2026-02-14.20:19:53::SCWMssOS:: Completed Standalone Artifacts creation 
LOG::2026-02-14.20:19:53::SCWSystem::Completed Processing the domain standalone_ps7_cortexa9_1
LOG::2026-02-14.20:19:53::SCWSystem::Completed Processing the sysconfig zedboard_platform
LOG::2026-02-14.20:19:53::SCWPlatform::Completed generating the artifacts for system configuration zedboard_platform
TRACE::2026-02-14.20:19:53::SCWPlatform::Started preparing the platform 
TRACE::2026-02-14.20:19:53::SCWSystem::Writing the bif file for system config zedboard_platform
TRACE::2026-02-14.20:19:53::SCWSystem::dir created 
TRACE::2026-02-14.20:19:53::SCWSystem::Writing the bif 
TRACE::2026-02-14.20:19:53::SCWPlatform::Started writing the spfm file 
TRACE::2026-02-14.20:19:53::SCWPlatform::Started writing the xpfm file 
TRACE::2026-02-14.20:19:53::SCWPlatform::Completed generating the platform
TRACE::2026-02-14.20:19:53::SCWMssOS::Saving the mss changes C:/Zynq_Book/vitis_workspace/zedboard_platform/ps7_cortexa9_0/standalone_domain/bsp/system.mss
TRACE::2026-02-14.20:19:53::SCWMssOS::Found a swdesign opened with the mssfile.
TRACE::2026-02-14.20:19:53::SCWMssOS::Completed writemss as part of save.
TRACE::2026-02-14.20:19:53::SCWMssOS::Commit changes completed.
TRACE::2026-02-14.20:19:53::SCWMssOS::Saving the mss changes C:/Zynq_Book/vitis_workspace/zedboard_platform/ps7_cortexa9_1/standalone_ps7_cortexa9_1/bsp/system.mss
TRACE::2026-02-14.20:19:53::SCWMssOS::Found a swdesign opened with the mssfile.
TRACE::2026-02-14.20:19:53::SCWMssOS::Completed writemss as part of save.
TRACE::2026-02-14.20:19:53::SCWMssOS::Commit changes completed.
TRACE::2026-02-14.20:19:53::SCWPlatform::Trying to open the hw design at C:/Zynq_Book/vitis_workspace/zedboard_platform/hw/milestone_1_wrapper.xsa
TRACE::2026-02-14.20:19:53::SCWPlatform::DSA given C:/Zynq_Book/vitis_workspace/zedboard_platform/hw/milestone_1_wrapper.xsa
TRACE::2026-02-14.20:19:53::SCWPlatform::DSA absoulate path C:/Zynq_Book/vitis_workspace/zedboard_platform/hw/milestone_1_wrapper.xsa
TRACE::2026-02-14.20:19:53::SCWPlatform::DSA directory C:/Zynq_Book/vitis_workspace/zedboard_platform/hw
TRACE::2026-02-14.20:19:53::SCWPlatform:: Platform Path C:/Zynq_Book/vitis_workspace/zedboard_platform/hw/milestone_1_wrapper.xsa
TRACE::2026-02-14.20:19:53::SCWPlatform:: Unique name xilinx:zed::0.0
TRACE::2026-02-14.20:19:53::SCWPlatform::Trying to set the existing hwdb with name design_1_wrapper_1
TRACE::2026-02-14.20:19:53::SCWPlatform::Opened existing hwdb design_1_wrapper_1
TRACE::2026-02-14.20:19:53::SCWPlatform::Found the Hw Db part of the input DSA
TRACE::2026-02-14.20:19:53::SCWMssOS::Checking the sw design at  C:/Zynq_Book/vitis_workspace/zedboard_platform/ps7_cortexa9_0/standalone_domain/bsp/system.mss
TRACE::2026-02-14.20:19:53::SCWMssOS::DEBUG:  swdes dump  C:/Zynq_Book/vitis_workspace/zedboard_platform/ps7_cortexa9_0/standalone_domain/bsp/system.mss|system||
C:/Zynq_Book/vitis_workspace/zedboard_platform/ps7_cortexa9_1/standalone_ps7_cortexa9_1/bsp/system.mss|system_0||

TRACE::2026-02-14.20:19:53::SCWMssOS::Sw design exists and opened at  C:/Zynq_Book/vitis_workspace/zedboard_platform/ps7_cortexa9_0/standalone_domain/bsp/system.mss
TRACE::2026-02-14.20:19:53::SCWPlatform::Trying to open the hw design at C:/Zynq_Book/vitis_workspace/zedboard_platform/hw/milestone_1_wrapper.xsa
TRACE::2026-02-14.20:19:53::SCWPlatform::DSA given C:/Zynq_Book/vitis_workspace/zedboard_platform/hw/milestone_1_wrapper.xsa
TRACE::2026-02-14.20:19:53::SCWPlatform::DSA absoulate path C:/Zynq_Book/vitis_workspace/zedboard_platform/hw/milestone_1_wrapper.xsa
TRACE::2026-02-14.20:19:53::SCWPlatform::DSA directory C:/Zynq_Book/vitis_workspace/zedboard_platform/hw
TRACE::2026-02-14.20:19:53::SCWPlatform:: Platform Path C:/Zynq_Book/vitis_workspace/zedboard_platform/hw/milestone_1_wrapper.xsa
TRACE::2026-02-14.20:19:53::SCWPlatform:: Unique name xilinx:zed::0.0
TRACE::2026-02-14.20:19:53::SCWPlatform::Trying to set the existing hwdb with name design_1_wrapper_1
TRACE::2026-02-14.20:19:53::SCWPlatform::Opened existing hwdb design_1_wrapper_1
TRACE::2026-02-14.20:19:53::SCWPlatform::Found the Hw Db part of the input DSA
TRACE::2026-02-14.20:19:53::SCWMssOS::Checking the sw design at  C:/Zynq_Book/vitis_workspace/zedboard_platform/ps7_cortexa9_1/standalone_ps7_cortexa9_1/bsp/system.mss
TRACE::2026-02-14.20:19:53::SCWMssOS::DEBUG:  swdes dump  C:/Zynq_Book/vitis_workspace/zedboard_platform/ps7_cortexa9_0/standalone_domain/bsp/system.mss|system||
C:/Zynq_Book/vitis_workspace/zedboard_platform/ps7_cortexa9_1/standalone_ps7_cortexa9_1/bsp/system.mss|system_0||

TRACE::2026-02-14.20:19:53::SCWMssOS::Sw design exists and opened at  C:/Zynq_Book/vitis_workspace/zedboard_platform/ps7_cortexa9_1/standalone_ps7_cortexa9_1/bsp/system.mss
TRACE::2026-02-14.20:19:53::SCWPlatform::Trying to open the hw design at C:/Zynq_Book/vitis_workspace/zedboard_platform/hw/milestone_1_wrapper.xsa
TRACE::2026-02-14.20:19:53::SCWPlatform::DSA given C:/Zynq_Book/vitis_workspace/zedboard_platform/hw/milestone_1_wrapper.xsa
TRACE::2026-02-14.20:19:53::SCWPlatform::DSA absoulate path C:/Zynq_Book/vitis_workspace/zedboard_platform/hw/milestone_1_wrapper.xsa
TRACE::2026-02-14.20:19:53::SCWPlatform::DSA directory C:/Zynq_Book/vitis_workspace/zedboard_platform/hw
TRACE::2026-02-14.20:19:53::SCWPlatform:: Platform Path C:/Zynq_Book/vitis_workspace/zedboard_platform/hw/milestone_1_wrapper.xsa
TRACE::2026-02-14.20:19:53::SCWPlatform:: Unique name xilinx:zed::0.0
TRACE::2026-02-14.20:19:53::SCWPlatform::Trying to set the existing hwdb with name design_1_wrapper_1
TRACE::2026-02-14.20:19:53::SCWPlatform::Opened existing hwdb design_1_wrapper_1
TRACE::2026-02-14.20:19:53::SCWPlatform::Found the Hw Db part of the input DSA
TRACE::2026-02-14.20:19:53::SCWMssOS::Checking the sw design at  C:/Zynq_Book/vitis_workspace/zedboard_platform/ps7_cortexa9_1/standalone_ps7_cortexa9_1/bsp/system.mss
TRACE::2026-02-14.20:19:53::SCWMssOS::DEBUG:  swdes dump  C:/Zynq_Book/vitis_workspace/zedboard_platform/ps7_cortexa9_0/standalone_domain/bsp/system.mss|system||
C:/Zynq_Book/vitis_workspace/zedboard_platform/ps7_cortexa9_1/standalone_ps7_cortexa9_1/bsp/system.mss|system_0||

TRACE::2026-02-14.20:19:53::SCWMssOS::Sw design exists and opened at  C:/Zynq_Book/vitis_workspace/zedboard_platform/ps7_cortexa9_1/standalone_ps7_cortexa9_1/bsp/system.mss
TRACE::2026-02-14.20:19:53::SCWPlatform::Trying to open the hw design at C:/Zynq_Book/vitis_workspace/zedboard_platform/hw/milestone_1_wrapper.xsa
TRACE::2026-02-14.20:19:53::SCWPlatform::DSA given C:/Zynq_Book/vitis_workspace/zedboard_platform/hw/milestone_1_wrapper.xsa
TRACE::2026-02-14.20:19:53::SCWPlatform::DSA absoulate path C:/Zynq_Book/vitis_workspace/zedboard_platform/hw/milestone_1_wrapper.xsa
TRACE::2026-02-14.20:19:53::SCWPlatform::DSA directory C:/Zynq_Book/vitis_workspace/zedboard_platform/hw
TRACE::2026-02-14.20:19:53::SCWPlatform:: Platform Path C:/Zynq_Book/vitis_workspace/zedboard_platform/hw/milestone_1_wrapper.xsa
TRACE::2026-02-14.20:19:53::SCWPlatform:: Unique name xilinx:zed::0.0
TRACE::2026-02-14.20:19:53::SCWPlatform::Trying to set the existing hwdb with name design_1_wrapper_1
TRACE::2026-02-14.20:19:53::SCWPlatform::Opened existing hwdb design_1_wrapper_1
TRACE::2026-02-14.20:19:53::SCWPlatform::Found the Hw Db part of the input DSA
TRACE::2026-02-14.20:19:53::SCWMssOS::Checking the sw design at  C:/Zynq_Book/vitis_workspace/zedboard_platform/ps7_cortexa9_1/standalone_ps7_cortexa9_1/bsp/system.mss
TRACE::2026-02-14.20:19:53::SCWMssOS::DEBUG:  swdes dump  C:/Zynq_Book/vitis_workspace/zedboard_platform/ps7_cortexa9_0/standalone_domain/bsp/system.mss|system||
C:/Zynq_Book/vitis_workspace/zedboard_platform/ps7_cortexa9_1/standalone_ps7_cortexa9_1/bsp/system.mss|system_0||

TRACE::2026-02-14.20:19:53::SCWMssOS::Sw design exists and opened at  C:/Zynq_Book/vitis_workspace/zedboard_platform/ps7_cortexa9_1/standalone_ps7_cortexa9_1/bsp/system.mss
TRACE::2026-02-14.20:19:53::SCWWriter::formatted JSON is {
	"platformName":	"zedboard_platform",
	"sprVersion":	"2.0",
	"mode":	"gui",
	"dsaType":	"Fixed",
	"platformDesc":	"zedboard_platform",
	"platHandOff":	"C:/Zynq_Book/vga_tutorial/vga_tutorial/milestone_1_wrapper.xsa",
	"platIntHandOff":	"<platformDir>/hw/milestone_1_wrapper.xsa",
	"deviceType":	"zynq",
	"platIsPrebuiltAutogen":	"false",
	"platIsNoBootBsp":	"true",
	"hasFsblMakeHasChanges":	"false",
	"hasPmufwMakeHasChanges":	"false",
	"platPreBuiltFlag":	false,
	"platformSamplesDir":	"",
	"platActiveSys":	"zedboard_platform",
	"systems":	[{
			"systemName":	"zedboard_platform",
			"systemDesc":	"zedboard_platform",
			"sysIsBootAutoGen":	"true",
			"systemDispName":	"zedboard_platform",
			"sysActiveDom":	"standalone_ps7_cortexa9_1",
			"sysDefaultDom":	"standalone_ps7_cortexa9_1",
			"domains":	[{
					"domainName":	"standalone_domain",
					"domainDispName":	"standalone on ps7_cortexa9_0",
					"domainDesc":	"standalone_domain",
					"processors":	"ps7_cortexa9_0",
					"os":	"standalone",
					"sdxOs":	"standalone",
					"qemuArgs":	"C:/Xilinx/Vitis/2020.2/data/emulation/platforms/zynq/sw/a9_standalone/qemu/qemu_args.txt",
					"qemuData":	"C:/Xilinx/Vitis/2020.2/data/emulation/platforms/zynq/sw/a9_standalone/qemu/",
					"debugEnable":	"False",
					"domRuntimes":	["cpp"],
					"swRepo":	"",
					"mssOsVer":	"7.3",
					"mssFile":	"",
					"md5Digest":	"87dac8935c403fb645452bd32d4e4813",
					"compatibleApp":	"",
					"domType":	"mssDomain",
					"appSettings":	{
						"appCompilerFlags":	"",
						"appLinkerFlags":	""
					},
					"addedLibs":	[],
					"libOptions":	{
						"libsContainingOptions":	[]
					},
					"prebuiltLibs":	{
						"prebuiltIncPath":	[],
						"prebuiltLibPath":	[]
					},
					"isolation":	{
					}
				}, {
					"domainName":	"standalone_ps7_cortexa9_1",
					"domainDispName":	"standalone_ps7_cortexa9_1",
					"domainDesc":	"",
					"processors":	"ps7_cortexa9_1",
					"os":	"standalone",
					"sdxOs":	"standalone",
					"qemuArgs":	"C:/Xilinx/Vitis/2020.2/data/emulation/platforms/zynq/sw/a9_standalone/qemu/qemu_args.txt",
					"qemuData":	"C:/Xilinx/Vitis/2020.2/data/emulation/platforms/zynq/sw/a9_standalone/qemu/",
					"debugEnable":	"False",
					"domRuntimes":	["cpp"],
					"swRepo":	"",
					"mssOsVer":	"7.3",
					"mssFile":	"",
					"md5Digest":	"a2b199d5aef09cfd8404b0a122d0ad45",
					"compatibleApp":	"",
					"domType":	"mssDomain",
					"arch":	"32-bit",
					"appSettings":	{
						"appCompilerFlags":	"",
						"appLinkerFlags":	""
					},
					"addedLibs":	[],
					"libOptions":	{
						"libsContainingOptions":	[]
					},
					"prebuiltLibs":	{
						"prebuiltIncPath":	[],
						"prebuiltLibPath":	[]
					},
					"isolation":	{
					}
				}]
		}]
}
KEYINFO::2026-02-14.20:19:53::SCWPlatform::updated the xpfm file.
TRACE::2026-02-14.20:19:53::SCWPlatform::Trying to open the hw design at C:/Zynq_Book/vitis_workspace/zedboard_platform/hw/milestone_1_wrapper.xsa
TRACE::2026-02-14.20:19:53::SCWPlatform::DSA given C:/Zynq_Book/vitis_workspace/zedboard_platform/hw/milestone_1_wrapper.xsa
TRACE::2026-02-14.20:19:53::SCWPlatform::DSA absoulate path C:/Zynq_Book/vitis_workspace/zedboard_platform/hw/milestone_1_wrapper.xsa
TRACE::2026-02-14.20:19:53::SCWPlatform::DSA directory C:/Zynq_Book/vitis_workspace/zedboard_platform/hw
TRACE::2026-02-14.20:19:53::SCWPlatform:: Platform Path C:/Zynq_Book/vitis_workspace/zedboard_platform/hw/milestone_1_wrapper.xsa
TRACE::2026-02-14.20:19:53::SCWPlatform:: Unique name xilinx:zed::0.0
TRACE::2026-02-14.20:19:53::SCWPlatform::Trying to set the existing hwdb with name design_1_wrapper_1
TRACE::2026-02-14.20:19:53::SCWPlatform::Opened existing hwdb design_1_wrapper_1
TRACE::2026-02-14.20:19:53::SCWPlatform::Found the Hw Db part of the input DSA
TRACE::2026-02-14.20:19:53::SCWMssOS::Checking the sw design at  C:/Zynq_Book/vitis_workspace/zedboard_platform/ps7_cortexa9_0/standalone_domain/bsp/system.mss
TRACE::2026-02-14.20:19:53::SCWMssOS::DEBUG:  swdes dump  C:/Zynq_Book/vitis_workspace/zedboard_platform/ps7_cortexa9_0/standalone_domain/bsp/system.mss|system||
C:/Zynq_Book/vitis_workspace/zedboard_platform/ps7_cortexa9_1/standalone_ps7_cortexa9_1/bsp/system.mss|system_0||

TRACE::2026-02-14.20:19:53::SCWMssOS::Sw design exists and opened at  C:/Zynq_Book/vitis_workspace/zedboard_platform/ps7_cortexa9_0/standalone_domain/bsp/system.mss
TRACE::2026-02-14.20:19:53::SCWPlatform::Trying to open the hw design at C:/Zynq_Book/vitis_workspace/zedboard_platform/hw/milestone_1_wrapper.xsa
TRACE::2026-02-14.20:19:53::SCWPlatform::DSA given C:/Zynq_Book/vitis_workspace/zedboard_platform/hw/milestone_1_wrapper.xsa
TRACE::2026-02-14.20:19:53::SCWPlatform::DSA absoulate path C:/Zynq_Book/vitis_workspace/zedboard_platform/hw/milestone_1_wrapper.xsa
TRACE::2026-02-14.20:19:53::SCWPlatform::DSA directory C:/Zynq_Book/vitis_workspace/zedboard_platform/hw
TRACE::2026-02-14.20:19:53::SCWPlatform:: Platform Path C:/Zynq_Book/vitis_workspace/zedboard_platform/hw/milestone_1_wrapper.xsa
TRACE::2026-02-14.20:19:53::SCWPlatform:: Unique name xilinx:zed::0.0
TRACE::2026-02-14.20:19:53::SCWPlatform::Trying to set the existing hwdb with name design_1_wrapper_1
TRACE::2026-02-14.20:19:53::SCWPlatform::Opened existing hwdb design_1_wrapper_1
TRACE::2026-02-14.20:19:53::SCWPlatform::Found the Hw Db part of the input DSA
TRACE::2026-02-14.20:19:53::SCWMssOS::Checking the sw design at  C:/Zynq_Book/vitis_workspace/zedboard_platform/ps7_cortexa9_1/standalone_ps7_cortexa9_1/bsp/system.mss
TRACE::2026-02-14.20:19:53::SCWMssOS::DEBUG:  swdes dump  C:/Zynq_Book/vitis_workspace/zedboard_platform/ps7_cortexa9_0/standalone_domain/bsp/system.mss|system||
C:/Zynq_Book/vitis_workspace/zedboard_platform/ps7_cortexa9_1/standalone_ps7_cortexa9_1/bsp/system.mss|system_0||

TRACE::2026-02-14.20:19:53::SCWMssOS::Sw design exists and opened at  C:/Zynq_Book/vitis_workspace/zedboard_platform/ps7_cortexa9_1/standalone_ps7_cortexa9_1/bsp/system.mss
TRACE::2026-02-14.21:23:19::SCWPlatform::Trying to open the hw design at C:/Zynq_Book/vitis_workspace/zedboard_platform/hw/milestone_1_wrapper.xsa
TRACE::2026-02-14.21:23:19::SCWPlatform::DSA given C:/Zynq_Book/vitis_workspace/zedboard_platform/hw/milestone_1_wrapper.xsa
TRACE::2026-02-14.21:23:19::SCWPlatform::DSA absoulate path C:/Zynq_Book/vitis_workspace/zedboard_platform/hw/milestone_1_wrapper.xsa
TRACE::2026-02-14.21:23:21::SCWPlatform::DSA directory C:/Zynq_Book/vitis_workspace/zedboard_platform/hw
ERROR::2026-02-14.21:23:21::SCWPlatform::Error: Hw specification provided does not have the HwDb, please check: C:/Zynq_Book/vga_tutorial/vga_tutorial/milestone_1_wrapper.xsa
TRACE::2026-02-14.21:23:21::SCWPlatform::Trying to open the hw design at C:/Zynq_Book/vitis_workspace/zedboard_platform/hw/milestone_1_wrapper.xsa
TRACE::2026-02-14.21:23:21::SCWPlatform::DSA given C:/Zynq_Book/vitis_workspace/zedboard_platform/hw/milestone_1_wrapper.xsa
TRACE::2026-02-14.21:23:21::SCWPlatform::DSA absoulate path C:/Zynq_Book/vitis_workspace/zedboard_platform/hw/milestone_1_wrapper.xsa
TRACE::2026-02-14.21:23:21::SCWPlatform::DSA directory C:/Zynq_Book/vitis_workspace/zedboard_platform/hw
ERROR::2026-02-14.21:23:21::SCWPlatform::Error: Hw specification provided does not have the HwDb, please check: C:/Zynq_Book/vga_tutorial/vga_tutorial/milestone_1_wrapper.xsa
TRACE::2026-02-14.23:24:27::SCWPlatform::Trying to open the hw design at C:/Zynq_Book/vitis_workspace/zedboard_platform/hw/milestone_1_wrapper.xsa
TRACE::2026-02-14.23:24:27::SCWPlatform::DSA given C:/Zynq_Book/vitis_workspace/zedboard_platform/hw/milestone_1_wrapper.xsa
TRACE::2026-02-14.23:24:27::SCWPlatform::DSA absoulate path C:/Zynq_Book/vitis_workspace/zedboard_platform/hw/milestone_1_wrapper.xsa
TRACE::2026-02-14.23:24:27::SCWPlatform::DSA directory C:/Zynq_Book/vitis_workspace/zedboard_platform/hw
ERROR::2026-02-14.23:24:27::SCWPlatform::Error: Hw specification provided does not have the HwDb, please check: C:/Zynq_Book/vga_tutorial/vga_tutorial/milestone_1_wrapper.xsa
TRACE::2026-02-14.23:24:27::SCWPlatform::Trying to open the hw design at C:/Zynq_Book/vitis_workspace/zedboard_platform/hw/milestone_1_wrapper.xsa
TRACE::2026-02-14.23:24:27::SCWPlatform::DSA given C:/Zynq_Book/vitis_workspace/zedboard_platform/hw/milestone_1_wrapper.xsa
TRACE::2026-02-14.23:24:27::SCWPlatform::DSA absoulate path C:/Zynq_Book/vitis_workspace/zedboard_platform/hw/milestone_1_wrapper.xsa
TRACE::2026-02-14.23:24:27::SCWPlatform::DSA directory C:/Zynq_Book/vitis_workspace/zedboard_platform/hw
ERROR::2026-02-14.23:24:27::SCWPlatform::Error: Hw specification provided does not have the HwDb, please check: C:/Zynq_Book/vga_tutorial/vga_tutorial/milestone_1_wrapper.xsa
TRACE::2026-02-14.23:24:32::SCWPlatform::Trying to open the hw design at C:/Zynq_Book/vitis_workspace/zedboard_platform/hw/milestone_1_wrapper.xsa
TRACE::2026-02-14.23:24:32::SCWPlatform::DSA given C:/Zynq_Book/vitis_workspace/zedboard_platform/hw/milestone_1_wrapper.xsa
TRACE::2026-02-14.23:24:32::SCWPlatform::DSA absoulate path C:/Zynq_Book/vitis_workspace/zedboard_platform/hw/milestone_1_wrapper.xsa
TRACE::2026-02-14.23:24:32::SCWPlatform::DSA directory C:/Zynq_Book/vitis_workspace/zedboard_platform/hw
ERROR::2026-02-14.23:24:32::SCWPlatform::Error: Hw specification provided does not have the HwDb, please check: C:/Zynq_Book/vga_tutorial/vga_tutorial/milestone_1_wrapper.xsa
TRACE::2026-02-14.23:24:32::SCWPlatform::Trying to open the hw design at C:/Zynq_Book/vitis_workspace/zedboard_platform/hw/milestone_1_wrapper.xsa
TRACE::2026-02-14.23:24:32::SCWPlatform::DSA given C:/Zynq_Book/vitis_workspace/zedboard_platform/hw/milestone_1_wrapper.xsa
TRACE::2026-02-14.23:24:32::SCWPlatform::DSA absoulate path C:/Zynq_Book/vitis_workspace/zedboard_platform/hw/milestone_1_wrapper.xsa
TRACE::2026-02-14.23:24:32::SCWPlatform::DSA directory C:/Zynq_Book/vitis_workspace/zedboard_platform/hw
ERROR::2026-02-14.23:24:32::SCWPlatform::Error: Hw specification provided does not have the HwDb, please check: C:/Zynq_Book/vga_tutorial/vga_tutorial/milestone_1_wrapper.xsa
TRACE::2026-02-15.10:41:39::SCWPlatform::Trying to open the hw design at C:/Zynq_Book/vitis_workspace/zedboard_platform/hw/milestone_1_wrapper.xsa
TRACE::2026-02-15.10:41:39::SCWPlatform::DSA given C:/Zynq_Book/vitis_workspace/zedboard_platform/hw/milestone_1_wrapper.xsa
TRACE::2026-02-15.10:41:39::SCWPlatform::DSA absoulate path C:/Zynq_Book/vitis_workspace/zedboard_platform/hw/milestone_1_wrapper.xsa
TRACE::2026-02-15.10:41:39::SCWPlatform::DSA directory C:/Zynq_Book/vitis_workspace/zedboard_platform/hw
ERROR::2026-02-15.10:41:39::SCWPlatform::Error: Hw specification provided does not have the HwDb, please check: C:/Zynq_Book/vga_tutorial/vga_tutorial/milestone_1_wrapper.xsa
TRACE::2026-02-15.10:41:39::SCWPlatform::Trying to open the hw design at C:/Zynq_Book/vitis_workspace/zedboard_platform/hw/milestone_1_wrapper.xsa
TRACE::2026-02-15.10:41:39::SCWPlatform::DSA given C:/Zynq_Book/vitis_workspace/zedboard_platform/hw/milestone_1_wrapper.xsa
TRACE::2026-02-15.10:41:39::SCWPlatform::DSA absoulate path C:/Zynq_Book/vitis_workspace/zedboard_platform/hw/milestone_1_wrapper.xsa
TRACE::2026-02-15.10:41:39::SCWPlatform::DSA directory C:/Zynq_Book/vitis_workspace/zedboard_platform/hw
ERROR::2026-02-15.10:41:39::SCWPlatform::Error: Hw specification provided does not have the HwDb, please check: C:/Zynq_Book/vga_tutorial/vga_tutorial/milestone_1_wrapper.xsa
TRACE::2026-02-15.11:21:31::SCWPlatform::Trying to open the hw design at C:/Zynq_Book/vitis_workspace/zedboard_platform/hw/milestone_1_wrapper.xsa
TRACE::2026-02-15.11:21:31::SCWPlatform::DSA given C:/Zynq_Book/vitis_workspace/zedboard_platform/hw/milestone_1_wrapper.xsa
TRACE::2026-02-15.11:21:31::SCWPlatform::DSA absoulate path C:/Zynq_Book/vitis_workspace/zedboard_platform/hw/milestone_1_wrapper.xsa
TRACE::2026-02-15.11:21:31::SCWPlatform::DSA directory C:/Zynq_Book/vitis_workspace/zedboard_platform/hw
ERROR::2026-02-15.11:21:31::SCWPlatform::Error: Hw specification provided does not have the HwDb, please check: C:/Zynq_Book/vga_tutorial/vga_tutorial/milestone_1_wrapper.xsa
TRACE::2026-02-15.11:21:31::SCWPlatform::Trying to open the hw design at C:/Zynq_Book/vitis_workspace/zedboard_platform/hw/milestone_1_wrapper.xsa
TRACE::2026-02-15.11:21:31::SCWPlatform::DSA given C:/Zynq_Book/vitis_workspace/zedboard_platform/hw/milestone_1_wrapper.xsa
TRACE::2026-02-15.11:21:31::SCWPlatform::DSA absoulate path C:/Zynq_Book/vitis_workspace/zedboard_platform/hw/milestone_1_wrapper.xsa
TRACE::2026-02-15.11:21:31::SCWPlatform::DSA directory C:/Zynq_Book/vitis_workspace/zedboard_platform/hw
ERROR::2026-02-15.11:21:31::SCWPlatform::Error: Hw specification provided does not have the HwDb, please check: C:/Zynq_Book/vga_tutorial/vga_tutorial/milestone_1_wrapper.xsa
TRACE::2026-02-15.11:21:37::SCWPlatform::Trying to open the hw design at C:/Zynq_Book/vitis_workspace/zedboard_platform/hw/milestone_1_wrapper.xsa
TRACE::2026-02-15.11:21:37::SCWPlatform::DSA given C:/Zynq_Book/vitis_workspace/zedboard_platform/hw/milestone_1_wrapper.xsa
TRACE::2026-02-15.11:21:37::SCWPlatform::DSA absoulate path C:/Zynq_Book/vitis_workspace/zedboard_platform/hw/milestone_1_wrapper.xsa
TRACE::2026-02-15.11:21:37::SCWPlatform::DSA directory C:/Zynq_Book/vitis_workspace/zedboard_platform/hw
ERROR::2026-02-15.11:21:37::SCWPlatform::Error: Hw specification provided does not have the HwDb, please check: C:/Zynq_Book/vga_tutorial/vga_tutorial/milestone_1_wrapper.xsa
TRACE::2026-02-15.11:21:37::SCWPlatform::Trying to open the hw design at C:/Zynq_Book/vitis_workspace/zedboard_platform/hw/milestone_1_wrapper.xsa
TRACE::2026-02-15.11:21:37::SCWPlatform::DSA given C:/Zynq_Book/vitis_workspace/zedboard_platform/hw/milestone_1_wrapper.xsa
TRACE::2026-02-15.11:21:37::SCWPlatform::DSA absoulate path C:/Zynq_Book/vitis_workspace/zedboard_platform/hw/milestone_1_wrapper.xsa
TRACE::2026-02-15.11:21:37::SCWPlatform::DSA directory C:/Zynq_Book/vitis_workspace/zedboard_platform/hw
ERROR::2026-02-15.11:21:37::SCWPlatform::Error: Hw specification provided does not have the HwDb, please check: C:/Zynq_Book/vga_tutorial/vga_tutorial/milestone_1_wrapper.xsa
TRACE::2026-02-15.19:19:26::SCWPlatform::Trying to open the hw design at C:/Zynq_Book/vitis_workspace/zedboard_platform/hw/milestone_1_wrapper.xsa
TRACE::2026-02-15.19:19:26::SCWPlatform::DSA given C:/Zynq_Book/vitis_workspace/zedboard_platform/hw/milestone_1_wrapper.xsa
TRACE::2026-02-15.19:19:26::SCWPlatform::DSA absoulate path C:/Zynq_Book/vitis_workspace/zedboard_platform/hw/milestone_1_wrapper.xsa
TRACE::2026-02-15.19:19:26::SCWPlatform::DSA directory C:/Zynq_Book/vitis_workspace/zedboard_platform/hw
ERROR::2026-02-15.19:19:26::SCWPlatform::Error: Hw specification provided does not have the HwDb, please check: C:/Zynq_Book/vga_tutorial/vga_tutorial/milestone_1_wrapper.xsa
TRACE::2026-02-15.19:19:26::SCWPlatform::Trying to open the hw design at C:/Zynq_Book/vitis_workspace/zedboard_platform/hw/milestone_1_wrapper.xsa
TRACE::2026-02-15.19:19:26::SCWPlatform::DSA given C:/Zynq_Book/vitis_workspace/zedboard_platform/hw/milestone_1_wrapper.xsa
TRACE::2026-02-15.19:19:26::SCWPlatform::DSA absoulate path C:/Zynq_Book/vitis_workspace/zedboard_platform/hw/milestone_1_wrapper.xsa
TRACE::2026-02-15.19:19:26::SCWPlatform::DSA directory C:/Zynq_Book/vitis_workspace/zedboard_platform/hw
ERROR::2026-02-15.19:19:26::SCWPlatform::Error: Hw specification provided does not have the HwDb, please check: C:/Zynq_Book/vga_tutorial/vga_tutorial/milestone_1_wrapper.xsa
TRACE::2026-02-15.19:19:30::SCWPlatform::Trying to open the hw design at C:/Zynq_Book/vitis_workspace/zedboard_platform/hw/milestone_1_wrapper.xsa
TRACE::2026-02-15.19:19:30::SCWPlatform::DSA given C:/Zynq_Book/vitis_workspace/zedboard_platform/hw/milestone_1_wrapper.xsa
TRACE::2026-02-15.19:19:30::SCWPlatform::DSA absoulate path C:/Zynq_Book/vitis_workspace/zedboard_platform/hw/milestone_1_wrapper.xsa
TRACE::2026-02-15.19:19:30::SCWPlatform::DSA directory C:/Zynq_Book/vitis_workspace/zedboard_platform/hw
ERROR::2026-02-15.19:19:30::SCWPlatform::Error: Hw specification provided does not have the HwDb, please check: C:/Zynq_Book/vga_tutorial/vga_tutorial/milestone_1_wrapper.xsa
TRACE::2026-02-15.19:19:30::SCWPlatform::Trying to open the hw design at C:/Zynq_Book/vitis_workspace/zedboard_platform/hw/milestone_1_wrapper.xsa
TRACE::2026-02-15.19:19:30::SCWPlatform::DSA given C:/Zynq_Book/vitis_workspace/zedboard_platform/hw/milestone_1_wrapper.xsa
TRACE::2026-02-15.19:19:30::SCWPlatform::DSA absoulate path C:/Zynq_Book/vitis_workspace/zedboard_platform/hw/milestone_1_wrapper.xsa
TRACE::2026-02-15.19:19:30::SCWPlatform::DSA directory C:/Zynq_Book/vitis_workspace/zedboard_platform/hw
ERROR::2026-02-15.19:19:30::SCWPlatform::Error: Hw specification provided does not have the HwDb, please check: C:/Zynq_Book/vga_tutorial/vga_tutorial/milestone_1_wrapper.xsa
TRACE::2026-02-18.14:32:26::SCWPlatform::Trying to open the hw design at C:/Zynq_Book/vitis_workspace/zedboard_platform/hw/milestone_1_wrapper.xsa
TRACE::2026-02-18.14:32:26::SCWPlatform::DSA given C:/Zynq_Book/vitis_workspace/zedboard_platform/hw/milestone_1_wrapper.xsa
TRACE::2026-02-18.14:32:26::SCWPlatform::DSA absoulate path C:/Zynq_Book/vitis_workspace/zedboard_platform/hw/milestone_1_wrapper.xsa
TRACE::2026-02-18.14:32:33::SCWPlatform::DSA directory C:/Zynq_Book/vitis_workspace/zedboard_platform/hw
ERROR::2026-02-18.14:32:33::SCWPlatform::Error: Hw specification provided does not have the HwDb, please check: C:/Zynq_Book/vga_tutorial/vga_tutorial/milestone_1_wrapper.xsa
TRACE::2026-03-25.09:24:57::SCWPlatform::Trying to open the hw design at C:/Zynq_Book/vitis_workspace/zedboard_platform/hw/milestone_1_wrapper.xsa
TRACE::2026-03-25.09:24:57::SCWPlatform::DSA given C:/Zynq_Book/vitis_workspace/zedboard_platform/hw/milestone_1_wrapper.xsa
TRACE::2026-03-25.09:24:57::SCWPlatform::DSA absoulate path C:/Zynq_Book/vitis_workspace/zedboard_platform/hw/milestone_1_wrapper.xsa
TRACE::2026-03-25.09:25:12::SCWPlatform::DSA directory C:/Zynq_Book/vitis_workspace/zedboard_platform/hw
ERROR::2026-03-25.09:25:12::SCWPlatform::Error: Hw specification provided does not have the HwDb, please check: C:/Zynq_Book/vga_tutorial/vga_tutorial/milestone_1_wrapper.xsa
TRACE::2026-03-25.09:27:31::SCWPlatform::Trying to open the hw design at C:/Zynq_Book/vitis_workspace/zedboard_platform/hw/milestone_1_wrapper.xsa
TRACE::2026-03-25.09:27:31::SCWPlatform::DSA given C:/Zynq_Book/vitis_workspace/zedboard_platform/hw/milestone_1_wrapper.xsa
TRACE::2026-03-25.09:27:31::SCWPlatform::DSA absoulate path C:/Zynq_Book/vitis_workspace/zedboard_platform/hw/milestone_1_wrapper.xsa
TRACE::2026-03-25.09:27:31::SCWPlatform::DSA directory C:/Zynq_Book/vitis_workspace/zedboard_platform/hw
ERROR::2026-03-25.09:27:31::SCWPlatform::Error: Hw specification provided does not have the HwDb, please check: C:/Zynq_Book/vga_tutorial/vga_tutorial/milestone_1_wrapper.xsa
